elapsed_seconds,processor_cpu_percent,processor_rss_bytes,python_rss_bytes,temperature_c,throttled,input_overruns,output_underruns,portaudio_status_events,recent_mean_processor_ms,recent_max_processor_ms
1.008,51.7,34144256,133136384,63.3,throttled=0x0,0,0,0,6.065962917499249,6.99773800033654
2.018,56.4,34144256,133541888,63.3,throttled=0x0,0,0,0,6.3104481599930295,7.233349000216549
3.021,53.9,34144256,133963776,63.3,throttled=0x0,0,0,0,6.159896400040452,8.109106000119937
4.022,53.9,34144256,134361088,63.3,throttled=0x0,0,0,0,6.063409430003048,6.96646000005785
5.024,56.9,34144256,134770688,63.3,throttled=0x0,0,0,0,6.521928880015366,9.144602000105806
6.027,54.9,34144256,135159808,63.3,throttled=0x0,0,0,0,6.096218279990353,6.896422999943752
7.028,51.9,34144256,135561216,63.3,throttled=0x0,0,0,0,6.087121379996461,6.8389979996936745
8.03,54.9,34144256,135962624,63.3,throttled=0x0,0,0,0,6.284989489972759,8.266400999673351
9.032,54.9,34144256,136355840,63.3,throttled=0x0,0,0,0,6.135033319992544,6.831589999819698
10.034,54.9,34144256,136761344,63.3,throttled=0x0,0,0,0,6.261523680027494,8.170492999852286
11.037,53.9,34144256,137166848,64.2,throttled=0x0,0,0,0,6.12049050999758,6.942498000171327
12.042,53.7,34144256,137555968,64.2,throttled=0x0,0,0,0,6.095653889983623,7.010773999809317
13.045,55.9,34144256,137949184,64.2,throttled=0x0,0,0,0,6.272731080039193,7.839068000066618
14.046,56.9,34144256,138338304,64.2,throttled=0x0,0,0,0,6.424642020006104,7.684883000365517
15.048,58.9,34144256,138752000,64.2,throttled=0x0,0,0,0,6.695207810003012,9.431027000118775
16.049,56.9,34144256,139149312,64.2,throttled=0x0,0,0,0,6.3209324500257935,7.253088999732427
17.051,52.9,34144256,139546624,64.2,throttled=0x0,0,0,0,6.1009730900332215,6.847274999927322
18.053,53.9,34144256,139948032,64.2,throttled=0x0,0,0,0,6.184629629970004,7.672197999909258
19.055,53.9,34144256,140333056,64.2,throttled=0x0,0,0,0,6.136943589995099,7.032349000382965
20.057,54.9,34144256,140734464,64.2,throttled=0x0,0,0,0,6.248635369984186,8.108307999918907
21.059,53.9,34144256,141135872,64.7,throttled=0x0,0,0,0,6.108947619995888,7.635550000031799
22.064,53.7,34144256,141537280,64.7,throttled=0x0,0,0,0,6.097922260046289,6.857941000362189
23.067,53.9,34144256,141930496,64.7,throttled=0x0,0,0,0,6.111791159983113,6.829274999745394
24.068,53.9,34144256,142319616,64.7,throttled=0x0,0,0,0,6.1734841400175355,8.612436000021262
25.07,53.9,34144256,142729216,64.7,throttled=0x0,0,0,0,6.1534472800212825,7.132403000014165
26.072,54.9,34144256,143138816,64.7,throttled=0x0,0,0,0,6.205491690006966,7.009310999819718
27.073,56.9,34144256,143536128,64.7,throttled=0x0,0,0,0,6.417016589989544,7.283698999799526
28.076,55.9,34144256,143925248,64.7,throttled=0x0,0,0,0,6.268701190015236,7.141589000184467
29.078,53.9,34144256,144330752,64.7,throttled=0x0,0,0,0,6.175779840014002,7.916234000276745
30.079,57.9,34144256,144732160,64.7,throttled=0x0,0,0,0,6.553664270008994,9.095082000385446
