sample_id,split,noise_class,noise_source,noise_source_file,noise_source_sha256,speech_file,speech_source_sha256,target_snr_db,actual_component_snr_db,joint_gain,sample_rate_hz,samples,clean_path,noisy_path
0,test,helicopter,esc50,5-177957-A-40.wav,923786a6b83adcee780dc8afa78e3c4c1329ab6c679543bb08a0f56821f21f60,p232_005.wav,89b1ebdeabff150a3cc12629178e5b98a2366e052f3e8028ea853c2059f69494,-5,-5.000000000110103,1.0,16000,64000,clean/helicopter_5-177957-A-40_p232_005_snr-05.wav,noisy/helicopter_5-177957-A-40_p232_005_snr-05.wav
1,test,helicopter,esc50,5-177957-A-40.wav,923786a6b83adcee780dc8afa78e3c4c1329ab6c679543bb08a0f56821f21f60,p232_005.wav,89b1ebdeabff150a3cc12629178e5b98a2366e052f3e8028ea853c2059f69494,0,-4.80163718124284e-10,1.0,16000,64000,clean/helicopter_5-177957-A-40_p232_005_snr+00.wav,noisy/helicopter_5-177957-A-40_p232_005_snr+00.wav
2,test,helicopter,esc50,5-177957-A-40.wav,923786a6b83adcee780dc8afa78e3c4c1329ab6c679543bb08a0f56821f21f60,p232_005.wav,89b1ebdeabff150a3cc12629178e5b98a2366e052f3e8028ea853c2059f69494,5,4.999999998349607,1.0,16000,64000,clean/helicopter_5-177957-A-40_p232_005_snr+05.wav,noisy/helicopter_5-177957-A-40_p232_005_snr+05.wav
3,test,helicopter,esc50,5-177957-A-40.wav,923786a6b83adcee780dc8afa78e3c4c1329ab6c679543bb08a0f56821f21f60,p232_005.wav,89b1ebdeabff150a3cc12629178e5b98a2366e052f3e8028ea853c2059f69494,10,9.999999994649018,1.0,16000,64000,clean/helicopter_5-177957-A-40_p232_005_snr+10.wav,noisy/helicopter_5-177957-A-40_p232_005_snr+10.wav
4,test,helicopter,esc50,5-177957-A-40.wav,923786a6b83adcee780dc8afa78e3c4c1329ab6c679543bb08a0f56821f21f60,p232_005.wav,89b1ebdeabff150a3cc12629178e5b98a2366e052f3e8028ea853c2059f69494,15,14.99999998294673,1.0,16000,64000,clean/helicopter_5-177957-A-40_p232_005_snr+15.wav,noisy/helicopter_5-177957-A-40_p232_005_snr+15.wav
5,test,helicopter,esc50,5-177957-A-40.wav,923786a6b83adcee780dc8afa78e3c4c1329ab6c679543bb08a0f56821f21f60,p232_006.wav,337d07d33650b223ec973413db1e455aa907dc21a94e49f0544f561e2bce600c,-5,-5.00000000020931,1.0,16000,64000,clean/helicopter_5-177957-A-40_p232_006_snr-05.wav,noisy/helicopter_5-177957-A-40_p232_006_snr-05.wav
6,test,helicopter,esc50,5-177957-A-40.wav,923786a6b83adcee780dc8afa78e3c4c1329ab6c679543bb08a0f56821f21f60,p232_006.wav,337d07d33650b223ec973413db1e455aa907dc21a94e49f0544f561e2bce600c,0,-7.938816225488071e-10,1.0,16000,64000,clean/helicopter_5-177957-A-40_p232_006_snr+00.wav,noisy/helicopter_5-177957-A-40_p232_006_snr+00.wav
7,test,helicopter,esc50,5-177957-A-40.wav,923786a6b83adcee780dc8afa78e3c4c1329ab6c679543bb08a0f56821f21f60,p232_006.wav,337d07d33650b223ec973413db1e455aa907dc21a94e49f0544f561e2bce600c,5,4.99999999735754,1.0,16000,64000,clean/helicopter_5-177957-A-40_p232_006_snr+05.wav,noisy/helicopter_5-177957-A-40_p232_006_snr+05.wav
8,test,helicopter,esc50,5-177957-A-40.wav,923786a6b83adcee780dc8afa78e3c4c1329ab6c679543bb08a0f56821f21f60,p232_006.wav,337d07d33650b223ec973413db1e455aa907dc21a94e49f0544f561e2bce600c,10,9.999999991511833,1.0,16000,64000,clean/helicopter_5-177957-A-40_p232_006_snr+10.wav,noisy/helicopter_5-177957-A-40_p232_006_snr+10.wav
9,test,helicopter,esc50,5-177957-A-40.wav,923786a6b83adcee780dc8afa78e3c4c1329ab6c679543bb08a0f56821f21f60,p232_006.wav,337d07d33650b223ec973413db1e455aa907dc21a94e49f0544f561e2bce600c,15,14.999999973026075,1.0,16000,64000,clean/helicopter_5-177957-A-40_p232_006_snr+15.wav,noisy/helicopter_5-177957-A-40_p232_006_snr+15.wav
10,test,helicopter,esc50,5-177957-A-40.wav,923786a6b83adcee780dc8afa78e3c4c1329ab6c679543bb08a0f56821f21f60,p257_006.wav,336051b3e1eb146169c48d23e56ef4abae990c22f223fe11a43cec896419024e,-5,-5.000000000680901,1.0,16000,64000,clean/helicopter_5-177957-A-40_p257_006_snr-05.wav,noisy/helicopter_5-177957-A-40_p257_006_snr-05.wav
11,test,helicopter,esc50,5-177957-A-40.wav,923786a6b83adcee780dc8afa78e3c4c1329ab6c679543bb08a0f56821f21f60,p257_006.wav,336051b3e1eb146169c48d23e56ef4abae990c22f223fe11a43cec896419024e,0,-2.2851793340489948e-09,1.0,16000,64000,clean/helicopter_5-177957-A-40_p257_006_snr+00.wav,noisy/helicopter_5-177957-A-40_p257_006_snr+00.wav
12,test,helicopter,esc50,5-177957-A-40.wav,923786a6b83adcee780dc8afa78e3c4c1329ab6c679543bb08a0f56821f21f60,p257_006.wav,336051b3e1eb146169c48d23e56ef4abae990c22f223fe11a43cec896419024e,5,4.999999992641644,1.0,16000,64000,clean/helicopter_5-177957-A-40_p257_006_snr+05.wav,noisy/helicopter_5-177957-A-40_p257_006_snr+05.wav
13,test,helicopter,esc50,5-177957-A-40.wav,923786a6b83adcee780dc8afa78e3c4c1329ab6c679543bb08a0f56821f21f60,p257_006.wav,336051b3e1eb146169c48d23e56ef4abae990c22f223fe11a43cec896419024e,10,9.999999976598858,1.0,16000,64000,clean/helicopter_5-177957-A-40_p257_006_snr+10.wav,noisy/helicopter_5-177957-A-40_p257_006_snr+10.wav
14,test,helicopter,esc50,5-177957-A-40.wav,923786a6b83adcee780dc8afa78e3c4c1329ab6c679543bb08a0f56821f21f60,p257_006.wav,336051b3e1eb146169c48d23e56ef4abae990c22f223fe11a43cec896419024e,15,14.999999925867106,1.0,16000,64000,clean/helicopter_5-177957-A-40_p257_006_snr+15.wav,noisy/helicopter_5-177957-A-40_p257_006_snr+15.wav
15,test,helicopter,esc50,5-177957-A-40.wav,923786a6b83adcee780dc8afa78e3c4c1329ab6c679543bb08a0f56821f21f60,p257_008.wav,e4d93c15e49a577b7db5c58cec7e02a18d18bdf6c4896fc250c3588849d64c20,-5,-5.000000000156973,1.0,16000,64000,clean/helicopter_5-177957-A-40_p257_008_snr-05.wav,noisy/helicopter_5-177957-A-40_p257_008_snr-05.wav
16,test,helicopter,esc50,5-177957-A-40.wav,923786a6b83adcee780dc8afa78e3c4c1329ab6c679543bb08a0f56821f21f60,p257_008.wav,e4d93c15e49a577b7db5c58cec7e02a18d18bdf6c4896fc250c3588849d64c20,0,-6.283760281056493e-10,1.0,16000,64000,clean/helicopter_5-177957-A-40_p257_008_snr+00.wav,noisy/helicopter_5-177957-A-40_p257_008_snr+00.wav
17,test,helicopter,esc50,5-177957-A-40.wav,923786a6b83adcee780dc8afa78e3c4c1329ab6c679543bb08a0f56821f21f60,p257_008.wav,e4d93c15e49a577b7db5c58cec7e02a18d18bdf6c4896fc250c3588849d64c20,5,4.99999999788092,1.0,16000,64000,clean/helicopter_5-177957-A-40_p257_008_snr+05.wav,noisy/helicopter_5-177957-A-40_p257_008_snr+05.wav
18,test,helicopter,esc50,5-177957-A-40.wav,923786a6b83adcee780dc8afa78e3c4c1329ab6c679543bb08a0f56821f21f60,p257_008.wav,e4d93c15e49a577b7db5c58cec7e02a18d18bdf6c4896fc250c3588849d64c20,10,9.999999993166902,1.0,16000,64000,clean/helicopter_5-177957-A-40_p257_008_snr+10.wav,noisy/helicopter_5-177957-A-40_p257_008_snr+10.wav
19,test,helicopter,esc50,5-177957-A-40.wav,923786a6b83adcee780dc8afa78e3c4c1329ab6c679543bb08a0f56821f21f60,p257_008.wav,e4d93c15e49a577b7db5c58cec7e02a18d18bdf6c4896fc250c3588849d64c20,15,14.99999997825986,1.0,16000,64000,clean/helicopter_5-177957-A-40_p257_008_snr+15.wav,noisy/helicopter_5-177957-A-40_p257_008_snr+15.wav
20,test,helicopter,esc50,5-191131-A-40.wav,498f75725d397a2253c6fdc687f48773f2ed19a0e44c22463767f4ed186c3cc1,p232_005.wav,89b1ebdeabff150a3cc12629178e5b98a2366e052f3e8028ea853c2059f69494,-5,-4.999999999846657,1.0,16000,64000,clean/helicopter_5-191131-A-40_p232_005_snr-05.wav,noisy/helicopter_5-191131-A-40_p232_005_snr-05.wav
21,test,helicopter,esc50,5-191131-A-40.wav,498f75725d397a2253c6fdc687f48773f2ed19a0e44c22463767f4ed186c3cc1,p232_005.wav,89b1ebdeabff150a3cc12629178e5b98a2366e052f3e8028ea853c2059f69494,0,-2.167142758886903e-10,1.0,16000,64000,clean/helicopter_5-191131-A-40_p232_005_snr+00.wav,noisy/helicopter_5-191131-A-40_p232_005_snr+00.wav
22,test,helicopter,esc50,5-191131-A-40.wav,498f75725d397a2253c6fdc687f48773f2ed19a0e44c22463767f4ed186c3cc1,p232_005.wav,89b1ebdeabff150a3cc12629178e5b98a2366e052f3e8028ea853c2059f69494,5,4.999999998613056,1.0,16000,64000,clean/helicopter_5-191131-A-40_p232_005_snr+05.wav,noisy/helicopter_5-191131-A-40_p232_005_snr+05.wav
23,test,helicopter,esc50,5-191131-A-40.wav,498f75725d397a2253c6fdc687f48773f2ed19a0e44c22463767f4ed186c3cc1,p232_005.wav,89b1ebdeabff150a3cc12629178e5b98a2366e052f3e8028ea853c2059f69494,10,9.999999994912468,1.0,16000,64000,clean/helicopter_5-191131-A-40_p232_005_snr+10.wav,noisy/helicopter_5-191131-A-40_p232_005_snr+10.wav
24,test,helicopter,esc50,5-191131-A-40.wav,498f75725d397a2253c6fdc687f48773f2ed19a0e44c22463767f4ed186c3cc1,p232_005.wav,89b1ebdeabff150a3cc12629178e5b98a2366e052f3e8028ea853c2059f69494,15,14.999999983210177,1.0,16000,64000,clean/helicopter_5-191131-A-40_p232_005_snr+15.wav,noisy/helicopter_5-191131-A-40_p232_005_snr+15.wav
25,test,helicopter,esc50,5-191131-A-40.wav,498f75725d397a2253c6fdc687f48773f2ed19a0e44c22463767f4ed186c3cc1,p232_006.wav,337d07d33650b223ec973413db1e455aa907dc21a94e49f0544f561e2bce600c,-5,-4.999999999945863,1.0,16000,64000,clean/helicopter_5-191131-A-40_p232_006_snr-05.wav,noisy/helicopter_5-191131-A-40_p232_006_snr-05.wav
26,test,helicopter,esc50,5-191131-A-40.wav,498f75725d397a2253c6fdc687f48773f2ed19a0e44c22463767f4ed186c3cc1,p232_006.wav,337d07d33650b223ec973413db1e455aa907dc21a94e49f0544f561e2bce600c,0,-5.304350732860979e-10,1.0,16000,64000,clean/helicopter_5-191131-A-40_p232_006_snr+00.wav,noisy/helicopter_5-191131-A-40_p232_006_snr+00.wav
27,test,helicopter,esc50,5-191131-A-40.wav,498f75725d397a2253c6fdc687f48773f2ed19a0e44c22463767f4ed186c3cc1,p232_006.wav,337d07d33650b223ec973413db1e455aa907dc21a94e49f0544f561e2bce600c,5,4.999999997620991,1.0,16000,64000,clean/helicopter_5-191131-A-40_p232_006_snr+05.wav,noisy/helicopter_5-191131-A-40_p232_006_snr+05.wav
28,test,helicopter,esc50,5-191131-A-40.wav,498f75725d397a2253c6fdc687f48773f2ed19a0e44c22463767f4ed186c3cc1,p232_006.wav,337d07d33650b223ec973413db1e455aa907dc21a94e49f0544f561e2bce600c,10,9.99999999177528,1.0,16000,64000,clean/helicopter_5-191131-A-40_p232_006_snr+10.wav,noisy/helicopter_5-191131-A-40_p232_006_snr+10.wav
29,test,helicopter,esc50,5-191131-A-40.wav,498f75725d397a2253c6fdc687f48773f2ed19a0e44c22463767f4ed186c3cc1,p232_006.wav,337d07d33650b223ec973413db1e455aa907dc21a94e49f0544f561e2bce600c,15,14.999999973289523,1.0,16000,64000,clean/helicopter_5-191131-A-40_p232_006_snr+15.wav,noisy/helicopter_5-191131-A-40_p232_006_snr+15.wav
30,test,helicopter,esc50,5-191131-A-40.wav,498f75725d397a2253c6fdc687f48773f2ed19a0e44c22463767f4ed186c3cc1,p257_006.wav,336051b3e1eb146169c48d23e56ef4abae990c22f223fe11a43cec896419024e,-5,-5.000000000417453,1.0,16000,64000,clean/helicopter_5-191131-A-40_p257_006_snr-05.wav,noisy/helicopter_5-191131-A-40_p257_006_snr-05.wav
31,test,helicopter,esc50,5-191131-A-40.wav,498f75725d397a2253c6fdc687f48773f2ed19a0e44c22463767f4ed186c3cc1,p257_006.wav,336051b3e1eb146169c48d23e56ef4abae990c22f223fe11a43cec896419024e,0,-2.0217308560861204e-09,1.0,16000,64000,clean/helicopter_5-191131-A-40_p257_006_snr+00.wav,noisy/helicopter_5-191131-A-40_p257_006_snr+00.wav
32,test,helicopter,esc50,5-191131-A-40.wav,498f75725d397a2253c6fdc687f48773f2ed19a0e44c22463767f4ed186c3cc1,p257_006.wav,336051b3e1eb146169c48d23e56ef4abae990c22f223fe11a43cec896419024e,5,4.999999992905093,1.0,16000,64000,clean/helicopter_5-191131-A-40_p257_006_snr+05.wav,noisy/helicopter_5-191131-A-40_p257_006_snr+05.wav
33,test,helicopter,esc50,5-191131-A-40.wav,498f75725d397a2253c6fdc687f48773f2ed19a0e44c22463767f4ed186c3cc1,p257_006.wav,336051b3e1eb146169c48d23e56ef4abae990c22f223fe11a43cec896419024e,10,9.999999976862306,1.0,16000,64000,clean/helicopter_5-191131-A-40_p257_006_snr+10.wav,noisy/helicopter_5-191131-A-40_p257_006_snr+10.wav
34,test,helicopter,esc50,5-191131-A-40.wav,498f75725d397a2253c6fdc687f48773f2ed19a0e44c22463767f4ed186c3cc1,p257_006.wav,336051b3e1eb146169c48d23e56ef4abae990c22f223fe11a43cec896419024e,15,14.999999926130556,1.0,16000,64000,clean/helicopter_5-191131-A-40_p257_006_snr+15.wav,noisy/helicopter_5-191131-A-40_p257_006_snr+15.wav
35,test,helicopter,esc50,5-191131-A-40.wav,498f75725d397a2253c6fdc687f48773f2ed19a0e44c22463767f4ed186c3cc1,p257_008.wav,e4d93c15e49a577b7db5c58cec7e02a18d18bdf6c4896fc250c3588849d64c20,-5,-4.999999999893526,1.0,16000,64000,clean/helicopter_5-191131-A-40_p257_008_snr-05.wav,noisy/helicopter_5-191131-A-40_p257_008_snr-05.wav
36,test,helicopter,esc50,5-191131-A-40.wav,498f75725d397a2253c6fdc687f48773f2ed19a0e44c22463767f4ed186c3cc1,p257_008.wav,e4d93c15e49a577b7db5c58cec7e02a18d18bdf6c4896fc250c3588849d64c20,0,-3.649285145204934e-10,1.0,16000,64000,clean/helicopter_5-191131-A-40_p257_008_snr+00.wav,noisy/helicopter_5-191131-A-40_p257_008_snr+00.wav
37,test,helicopter,esc50,5-191131-A-40.wav,498f75725d397a2253c6fdc687f48773f2ed19a0e44c22463767f4ed186c3cc1,p257_008.wav,e4d93c15e49a577b7db5c58cec7e02a18d18bdf6c4896fc250c3588849d64c20,5,4.999999998144369,1.0,16000,64000,clean/helicopter_5-191131-A-40_p257_008_snr+05.wav,noisy/helicopter_5-191131-A-40_p257_008_snr+05.wav
38,test,helicopter,esc50,5-191131-A-40.wav,498f75725d397a2253c6fdc687f48773f2ed19a0e44c22463767f4ed186c3cc1,p257_008.wav,e4d93c15e49a577b7db5c58cec7e02a18d18bdf6c4896fc250c3588849d64c20,10,9.999999993430349,1.0,16000,64000,clean/helicopter_5-191131-A-40_p257_008_snr+10.wav,noisy/helicopter_5-191131-A-40_p257_008_snr+10.wav
39,test,helicopter,esc50,5-191131-A-40.wav,498f75725d397a2253c6fdc687f48773f2ed19a0e44c22463767f4ed186c3cc1,p257_008.wav,e4d93c15e49a577b7db5c58cec7e02a18d18bdf6c4896fc250c3588849d64c20,15,14.99999997852331,1.0,16000,64000,clean/helicopter_5-191131-A-40_p257_008_snr+15.wav,noisy/helicopter_5-191131-A-40_p257_008_snr+15.wav
40,test,siren,esc50,5-117118-A-42.wav,79cbdaf2156d7af410fe97a5c131ee6f46f2f7a99f4051fadd01e931ad8c9e14,p232_005.wav,89b1ebdeabff150a3cc12629178e5b98a2366e052f3e8028ea853c2059f69494,-5,-5.000000000111538,1.0,16000,64000,clean/siren_5-117118-A-42_p232_005_snr-05.wav,noisy/siren_5-117118-A-42_p232_005_snr-05.wav
41,test,siren,esc50,5-117118-A-42.wav,79cbdaf2156d7af410fe97a5c131ee6f46f2f7a99f4051fadd01e931ad8c9e14,p232_005.wav,89b1ebdeabff150a3cc12629178e5b98a2366e052f3e8028ea853c2059f69494,0,-4.815986373945947e-10,1.0,16000,64000,clean/siren_5-117118-A-42_p232_005_snr+00.wav,noisy/siren_5-117118-A-42_p232_005_snr+00.wav
42,test,siren,esc50,5-117118-A-42.wav,79cbdaf2156d7af410fe97a5c131ee6f46f2f7a99f4051fadd01e931ad8c9e14,p232_005.wav,89b1ebdeabff150a3cc12629178e5b98a2366e052f3e8028ea853c2059f69494,5,4.999999998348173,1.0,16000,64000,clean/siren_5-117118-A-42_p232_005_snr+05.wav,noisy/siren_5-117118-A-42_p232_005_snr+05.wav
43,test,siren,esc50,5-117118-A-42.wav,79cbdaf2156d7af410fe97a5c131ee6f46f2f7a99f4051fadd01e931ad8c9e14,p232_005.wav,89b1ebdeabff150a3cc12629178e5b98a2366e052f3e8028ea853c2059f69494,10,9.999999994647585,1.0,16000,64000,clean/siren_5-117118-A-42_p232_005_snr+10.wav,noisy/siren_5-117118-A-42_p232_005_snr+10.wav
44,test,siren,esc50,5-117118-A-42.wav,79cbdaf2156d7af410fe97a5c131ee6f46f2f7a99f4051fadd01e931ad8c9e14,p232_005.wav,89b1ebdeabff150a3cc12629178e5b98a2366e052f3e8028ea853c2059f69494,15,14.999999982945296,1.0,16000,64000,clean/siren_5-117118-A-42_p232_005_snr+15.wav,noisy/siren_5-117118-A-42_p232_005_snr+15.wav
45,test,siren,esc50,5-117118-A-42.wav,79cbdaf2156d7af410fe97a5c131ee6f46f2f7a99f4051fadd01e931ad8c9e14,p232_006.wav,337d07d33650b223ec973413db1e455aa907dc21a94e49f0544f561e2bce600c,-5,-5.000000000210746,1.0,16000,64000,clean/siren_5-117118-A-42_p232_006_snr-05.wav,noisy/siren_5-117118-A-42_p232_006_snr-05.wav
46,test,siren,esc50,5-117118-A-42.wav,79cbdaf2156d7af410fe97a5c131ee6f46f2f7a99f4051fadd01e931ad8c9e14,p232_006.wav,337d07d33650b223ec973413db1e455aa907dc21a94e49f0544f561e2bce600c,0,-7.953175061466363e-10,1.0,16000,64000,clean/siren_5-117118-A-42_p232_006_snr+00.wav,noisy/siren_5-117118-A-42_p232_006_snr+00.wav
47,test,siren,esc50,5-117118-A-42.wav,79cbdaf2156d7af410fe97a5c131ee6f46f2f7a99f4051fadd01e931ad8c9e14,p232_006.wav,337d07d33650b223ec973413db1e455aa907dc21a94e49f0544f561e2bce600c,5,4.999999997356108,1.0,16000,64000,clean/siren_5-117118-A-42_p232_006_snr+05.wav,noisy/siren_5-117118-A-42_p232_006_snr+05.wav
48,test,siren,esc50,5-117118-A-42.wav,79cbdaf2156d7af410fe97a5c131ee6f46f2f7a99f4051fadd01e931ad8c9e14,p232_006.wav,337d07d33650b223ec973413db1e455aa907dc21a94e49f0544f561e2bce600c,10,9.999999991510398,1.0,16000,64000,clean/siren_5-117118-A-42_p232_006_snr+10.wav,noisy/siren_5-117118-A-42_p232_006_snr+10.wav
49,test,siren,esc50,5-117118-A-42.wav,79cbdaf2156d7af410fe97a5c131ee6f46f2f7a99f4051fadd01e931ad8c9e14,p232_006.wav,337d07d33650b223ec973413db1e455aa907dc21a94e49f0544f561e2bce600c,15,14.99999997302464,1.0,16000,64000,clean/siren_5-117118-A-42_p232_006_snr+15.wav,noisy/siren_5-117118-A-42_p232_006_snr+15.wav
50,test,siren,esc50,5-117118-A-42.wav,79cbdaf2156d7af410fe97a5c131ee6f46f2f7a99f4051fadd01e931ad8c9e14,p257_006.wav,336051b3e1eb146169c48d23e56ef4abae990c22f223fe11a43cec896419024e,-5,-5.000000000682336,1.0,16000,64000,clean/siren_5-117118-A-42_p257_006_snr-05.wav,noisy/siren_5-117118-A-42_p257_006_snr-05.wav
51,test,siren,esc50,5-117118-A-42.wav,79cbdaf2156d7af410fe97a5c131ee6f46f2f7a99f4051fadd01e931ad8c9e14,p257_006.wav,336051b3e1eb146169c48d23e56ef4abae990c22f223fe11a43cec896419024e,0,-2.2866142533196035e-09,1.0,16000,64000,clean/siren_5-117118-A-42_p257_006_snr+00.wav,noisy/siren_5-117118-A-42_p257_006_snr+00.wav
52,test,siren,esc50,5-117118-A-42.wav,79cbdaf2156d7af410fe97a5c131ee6f46f2f7a99f4051fadd01e931ad8c9e14,p257_006.wav,336051b3e1eb146169c48d23e56ef4abae990c22f223fe11a43cec896419024e,5,4.999999992640209,1.0,16000,64000,clean/siren_5-117118-A-42_p257_006_snr+05.wav,noisy/siren_5-117118-A-42_p257_006_snr+05.wav
53,test,siren,esc50,5-117118-A-42.wav,79cbdaf2156d7af410fe97a5c131ee6f46f2f7a99f4051fadd01e931ad8c9e14,p257_006.wav,336051b3e1eb146169c48d23e56ef4abae990c22f223fe11a43cec896419024e,10,9.999999976597422,1.0,16000,64000,clean/siren_5-117118-A-42_p257_006_snr+10.wav,noisy/siren_5-117118-A-42_p257_006_snr+10.wav
54,test,siren,esc50,5-117118-A-42.wav,79cbdaf2156d7af410fe97a5c131ee6f46f2f7a99f4051fadd01e931ad8c9e14,p257_006.wav,336051b3e1eb146169c48d23e56ef4abae990c22f223fe11a43cec896419024e,15,14.999999925865673,1.0,16000,64000,clean/siren_5-117118-A-42_p257_006_snr+15.wav,noisy/siren_5-117118-A-42_p257_006_snr+15.wav
55,test,siren,esc50,5-117118-A-42.wav,79cbdaf2156d7af410fe97a5c131ee6f46f2f7a99f4051fadd01e931ad8c9e14,p257_008.wav,e4d93c15e49a577b7db5c58cec7e02a18d18bdf6c4896fc250c3588849d64c20,-5,-5.000000000158407,1.0,16000,64000,clean/siren_5-117118-A-42_p257_008_snr-05.wav,noisy/siren_5-117118-A-42_p257_008_snr-05.wav
56,test,siren,esc50,5-117118-A-42.wav,79cbdaf2156d7af410fe97a5c131ee6f46f2f7a99f4051fadd01e931ad8c9e14,p257_008.wav,e4d93c15e49a577b7db5c58cec7e02a18d18bdf6c4896fc250c3588849d64c20,0,-6.298109473759845e-10,1.0,16000,64000,clean/siren_5-117118-A-42_p257_008_snr+00.wav,noisy/siren_5-117118-A-42_p257_008_snr+00.wav
57,test,siren,esc50,5-117118-A-42.wav,79cbdaf2156d7af410fe97a5c131ee6f46f2f7a99f4051fadd01e931ad8c9e14,p257_008.wav,e4d93c15e49a577b7db5c58cec7e02a18d18bdf6c4896fc250c3588849d64c20,5,4.9999999978794865,1.0,16000,64000,clean/siren_5-117118-A-42_p257_008_snr+05.wav,noisy/siren_5-117118-A-42_p257_008_snr+05.wav
58,test,siren,esc50,5-117118-A-42.wav,79cbdaf2156d7af410fe97a5c131ee6f46f2f7a99f4051fadd01e931ad8c9e14,p257_008.wav,e4d93c15e49a577b7db5c58cec7e02a18d18bdf6c4896fc250c3588849d64c20,10,9.999999993165465,1.0,16000,64000,clean/siren_5-117118-A-42_p257_008_snr+10.wav,noisy/siren_5-117118-A-42_p257_008_snr+10.wav
59,test,siren,esc50,5-117118-A-42.wav,79cbdaf2156d7af410fe97a5c131ee6f46f2f7a99f4051fadd01e931ad8c9e14,p257_008.wav,e4d93c15e49a577b7db5c58cec7e02a18d18bdf6c4896fc250c3588849d64c20,15,14.999999978258424,1.0,16000,64000,clean/siren_5-117118-A-42_p257_008_snr+15.wav,noisy/siren_5-117118-A-42_p257_008_snr+15.wav
60,test,siren,esc50,5-117120-A-42.wav,b22c04d1ea6841f9a1b79e21f2d44c8f9f446a204d28f5a3e4b4f57071c669aa,p232_005.wav,89b1ebdeabff150a3cc12629178e5b98a2366e052f3e8028ea853c2059f69494,-5,-5.000000000115862,1.0,16000,64000,clean/siren_5-117120-A-42_p232_005_snr-05.wav,noisy/siren_5-117120-A-42_p232_005_snr-05.wav
61,test,siren,esc50,5-117120-A-42.wav,b22c04d1ea6841f9a1b79e21f2d44c8f9f446a204d28f5a3e4b4f57071c669aa,p232_005.wav,89b1ebdeabff150a3cc12629178e5b98a2366e052f3e8028ea853c2059f69494,0,-4.859236460823271e-10,1.0,16000,64000,clean/siren_5-117120-A-42_p232_005_snr+00.wav,noisy/siren_5-117120-A-42_p232_005_snr+00.wav
62,test,siren,esc50,5-117120-A-42.wav,b22c04d1ea6841f9a1b79e21f2d44c8f9f446a204d28f5a3e4b4f57071c669aa,p232_005.wav,89b1ebdeabff150a3cc12629178e5b98a2366e052f3e8028ea853c2059f69494,5,4.99999999834385,1.0,16000,64000,clean/siren_5-117120-A-42_p232_005_snr+05.wav,noisy/siren_5-117120-A-42_p232_005_snr+05.wav
63,test,siren,esc50,5-117120-A-42.wav,b22c04d1ea6841f9a1b79e21f2d44c8f9f446a204d28f5a3e4b4f57071c669aa,p232_005.wav,89b1ebdeabff150a3cc12629178e5b98a2366e052f3e8028ea853c2059f69494,10,9.999999994643261,1.0,16000,64000,clean/siren_5-117120-A-42_p232_005_snr+10.wav,noisy/siren_5-117120-A-42_p232_005_snr+10.wav
64,test,siren,esc50,5-117120-A-42.wav,b22c04d1ea6841f9a1b79e21f2d44c8f9f446a204d28f5a3e4b4f57071c669aa,p232_005.wav,89b1ebdeabff150a3cc12629178e5b98a2366e052f3e8028ea853c2059f69494,15,14.999999982940972,1.0,16000,64000,clean/siren_5-117120-A-42_p232_005_snr+15.wav,noisy/siren_5-117120-A-42_p232_005_snr+15.wav
65,test,siren,esc50,5-117120-A-42.wav,b22c04d1ea6841f9a1b79e21f2d44c8f9f446a204d28f5a3e4b4f57071c669aa,p232_006.wav,337d07d33650b223ec973413db1e455aa907dc21a94e49f0544f561e2bce600c,-5,-5.000000000215071,1.0,16000,64000,clean/siren_5-117120-A-42_p232_006_snr-05.wav,noisy/siren_5-117120-A-42_p232_006_snr-05.wav
66,test,siren,esc50,5-117120-A-42.wav,b22c04d1ea6841f9a1b79e21f2d44c8f9f446a204d28f5a3e4b4f57071c669aa,p232_006.wav,337d07d33650b223ec973413db1e455aa907dc21a94e49f0544f561e2bce600c,0,-7.996405861795916e-10,1.0,16000,64000,clean/siren_5-117120-A-42_p232_006_snr+00.wav,noisy/siren_5-117120-A-42_p232_006_snr+00.wav
67,test,siren,esc50,5-117120-A-42.wav,b22c04d1ea6841f9a1b79e21f2d44c8f9f446a204d28f5a3e4b4f57071c669aa,p232_006.wav,337d07d33650b223ec973413db1e455aa907dc21a94e49f0544f561e2bce600c,5,4.999999997351782,1.0,16000,64000,clean/siren_5-117120-A-42_p232_006_snr+05.wav,noisy/siren_5-117120-A-42_p232_006_snr+05.wav
68,test,siren,esc50,5-117120-A-42.wav,b22c04d1ea6841f9a1b79e21f2d44c8f9f446a204d28f5a3e4b4f57071c669aa,p232_006.wav,337d07d33650b223ec973413db1e455aa907dc21a94e49f0544f561e2bce600c,10,9.999999991506074,1.0,16000,64000,clean/siren_5-117120-A-42_p232_006_snr+10.wav,noisy/siren_5-117120-A-42_p232_006_snr+10.wav
69,test,siren,esc50,5-117120-A-42.wav,b22c04d1ea6841f9a1b79e21f2d44c8f9f446a204d28f5a3e4b4f57071c669aa,p232_006.wav,337d07d33650b223ec973413db1e455aa907dc21a94e49f0544f561e2bce600c,15,14.999999973020318,1.0,16000,64000,clean/siren_5-117120-A-42_p232_006_snr+15.wav,noisy/siren_5-117120-A-42_p232_006_snr+15.wav
70,test,siren,esc50,5-117120-A-42.wav,b22c04d1ea6841f9a1b79e21f2d44c8f9f446a204d28f5a3e4b4f57071c669aa,p257_006.wav,336051b3e1eb146169c48d23e56ef4abae990c22f223fe11a43cec896419024e,-5,-5.00000000068666,1.0,16000,64000,clean/siren_5-117120-A-42_p257_006_snr-05.wav,noisy/siren_5-117120-A-42_p257_006_snr-05.wav
71,test,siren,esc50,5-117120-A-42.wav,b22c04d1ea6841f9a1b79e21f2d44c8f9f446a204d28f5a3e4b4f57071c669aa,p257_006.wav,336051b3e1eb146169c48d23e56ef4abae990c22f223fe11a43cec896419024e,0,-2.2909382976807678e-09,1.0,16000,64000,clean/siren_5-117120-A-42_p257_006_snr+00.wav,noisy/siren_5-117120-A-42_p257_006_snr+00.wav
72,test,siren,esc50,5-117120-A-42.wav,b22c04d1ea6841f9a1b79e21f2d44c8f9f446a204d28f5a3e4b4f57071c669aa,p257_006.wav,336051b3e1eb146169c48d23e56ef4abae990c22f223fe11a43cec896419024e,5,4.999999992635886,1.0,16000,64000,clean/siren_5-117120-A-42_p257_006_snr+05.wav,noisy/siren_5-117120-A-42_p257_006_snr+05.wav
73,test,siren,esc50,5-117120-A-42.wav,b22c04d1ea6841f9a1b79e21f2d44c8f9f446a204d28f5a3e4b4f57071c669aa,p257_006.wav,336051b3e1eb146169c48d23e56ef4abae990c22f223fe11a43cec896419024e,10,9.999999976593099,1.0,16000,64000,clean/siren_5-117120-A-42_p257_006_snr+10.wav,noisy/siren_5-117120-A-42_p257_006_snr+10.wav
74,test,siren,esc50,5-117120-A-42.wav,b22c04d1ea6841f9a1b79e21f2d44c8f9f446a204d28f5a3e4b4f57071c669aa,p257_006.wav,336051b3e1eb146169c48d23e56ef4abae990c22f223fe11a43cec896419024e,15,14.99999992586135,1.0,16000,64000,clean/siren_5-117120-A-42_p257_006_snr+15.wav,noisy/siren_5-117120-A-42_p257_006_snr+15.wav
75,test,siren,esc50,5-117120-A-42.wav,b22c04d1ea6841f9a1b79e21f2d44c8f9f446a204d28f5a3e4b4f57071c669aa,p257_008.wav,e4d93c15e49a577b7db5c58cec7e02a18d18bdf6c4896fc250c3588849d64c20,-5,-5.000000000162732,1.0,16000,64000,clean/siren_5-117120-A-42_p257_008_snr-05.wav,noisy/siren_5-117120-A-42_p257_008_snr-05.wav
76,test,siren,esc50,5-117120-A-42.wav,b22c04d1ea6841f9a1b79e21f2d44c8f9f446a204d28f5a3e4b4f57071c669aa,p257_008.wav,e4d93c15e49a577b7db5c58cec7e02a18d18bdf6c4896fc250c3588849d64c20,0,-6.341330630813907e-10,1.0,16000,64000,clean/siren_5-117120-A-42_p257_008_snr+00.wav,noisy/siren_5-117120-A-42_p257_008_snr+00.wav
77,test,siren,esc50,5-117120-A-42.wav,b22c04d1ea6841f9a1b79e21f2d44c8f9f446a204d28f5a3e4b4f57071c669aa,p257_008.wav,e4d93c15e49a577b7db5c58cec7e02a18d18bdf6c4896fc250c3588849d64c20,5,4.999999997875162,1.0,16000,64000,clean/siren_5-117120-A-42_p257_008_snr+05.wav,noisy/siren_5-117120-A-42_p257_008_snr+05.wav
78,test,siren,esc50,5-117120-A-42.wav,b22c04d1ea6841f9a1b79e21f2d44c8f9f446a204d28f5a3e4b4f57071c669aa,p257_008.wav,e4d93c15e49a577b7db5c58cec7e02a18d18bdf6c4896fc250c3588849d64c20,10,9.999999993161143,1.0,16000,64000,clean/siren_5-117120-A-42_p257_008_snr+10.wav,noisy/siren_5-117120-A-42_p257_008_snr+10.wav
79,test,siren,esc50,5-117120-A-42.wav,b22c04d1ea6841f9a1b79e21f2d44c8f9f446a204d28f5a3e4b4f57071c669aa,p257_008.wav,e4d93c15e49a577b7db5c58cec7e02a18d18bdf6c4896fc250c3588849d64c20,15,14.999999978254102,1.0,16000,64000,clean/siren_5-117120-A-42_p257_008_snr+15.wav,noisy/siren_5-117120-A-42_p257_008_snr+15.wav
80,test,engine,esc50,5-209992-A-44.wav,502bb337b61dfa4080eb22b9098a2b38f975c1544933187f530a5552eb7bd32d,p232_005.wav,89b1ebdeabff150a3cc12629178e5b98a2366e052f3e8028ea853c2059f69494,-5,-4.99999999974141,1.0,16000,64000,clean/engine_5-209992-A-44_p232_005_snr-05.wav,noisy/engine_5-209992-A-44_p232_005_snr-05.wav
81,test,engine,esc50,5-209992-A-44.wav,502bb337b61dfa4080eb22b9098a2b38f975c1544933187f530a5552eb7bd32d,p232_005.wav,89b1ebdeabff150a3cc12629178e5b98a2366e052f3e8028ea853c2059f69494,0,-1.1146950484200938e-10,1.0,16000,64000,clean/engine_5-209992-A-44_p232_005_snr+00.wav,noisy/engine_5-209992-A-44_p232_005_snr+00.wav
82,test,engine,esc50,5-209992-A-44.wav,502bb337b61dfa4080eb22b9098a2b38f975c1544933187f530a5552eb7bd32d,p232_005.wav,89b1ebdeabff150a3cc12629178e5b98a2366e052f3e8028ea853c2059f69494,5,4.9999999987183,1.0,16000,64000,clean/engine_5-209992-A-44_p232_005_snr+05.wav,noisy/engine_5-209992-A-44_p232_005_snr+05.wav
83,test,engine,esc50,5-209992-A-44.wav,502bb337b61dfa4080eb22b9098a2b38f975c1544933187f530a5552eb7bd32d,p232_005.wav,89b1ebdeabff150a3cc12629178e5b98a2366e052f3e8028ea853c2059f69494,10,9.999999995017713,1.0,16000,64000,clean/engine_5-209992-A-44_p232_005_snr+10.wav,noisy/engine_5-209992-A-44_p232_005_snr+10.wav
84,test,engine,esc50,5-209992-A-44.wav,502bb337b61dfa4080eb22b9098a2b38f975c1544933187f530a5552eb7bd32d,p232_005.wav,89b1ebdeabff150a3cc12629178e5b98a2366e052f3e8028ea853c2059f69494,15,14.999999983315423,1.0,16000,64000,clean/engine_5-209992-A-44_p232_005_snr+15.wav,noisy/engine_5-209992-A-44_p232_005_snr+15.wav
85,test,engine,esc50,5-209992-A-44.wav,502bb337b61dfa4080eb22b9098a2b38f975c1544933187f530a5552eb7bd32d,p232_006.wav,337d07d33650b223ec973413db1e455aa907dc21a94e49f0544f561e2bce600c,-5,-4.999999999840617,1.0,16000,64000,clean/engine_5-209992-A-44_p232_006_snr-05.wav,noisy/engine_5-209992-A-44_p232_006_snr-05.wav
86,test,engine,esc50,5-209992-A-44.wav,502bb337b61dfa4080eb22b9098a2b38f975c1544933187f530a5552eb7bd32d,p232_006.wav,337d07d33650b223ec973413db1e455aa907dc21a94e49f0544f561e2bce600c,0,-4.251893379081491e-10,1.0,16000,64000,clean/engine_5-209992-A-44_p232_006_snr+00.wav,noisy/engine_5-209992-A-44_p232_006_snr+00.wav
87,test,engine,esc50,5-209992-A-44.wav,502bb337b61dfa4080eb22b9098a2b38f975c1544933187f530a5552eb7bd32d,p232_006.wav,337d07d33650b223ec973413db1e455aa907dc21a94e49f0544f561e2bce600c,5,4.999999997726235,1.0,16000,64000,clean/engine_5-209992-A-44_p232_006_snr+05.wav,noisy/engine_5-209992-A-44_p232_006_snr+05.wav
88,test,engine,esc50,5-209992-A-44.wav,502bb337b61dfa4080eb22b9098a2b38f975c1544933187f530a5552eb7bd32d,p232_006.wav,337d07d33650b223ec973413db1e455aa907dc21a94e49f0544f561e2bce600c,10,9.999999991880525,1.0,16000,64000,clean/engine_5-209992-A-44_p232_006_snr+10.wav,noisy/engine_5-209992-A-44_p232_006_snr+10.wav
89,test,engine,esc50,5-209992-A-44.wav,502bb337b61dfa4080eb22b9098a2b38f975c1544933187f530a5552eb7bd32d,p232_006.wav,337d07d33650b223ec973413db1e455aa907dc21a94e49f0544f561e2bce600c,15,14.999999973394768,1.0,16000,64000,clean/engine_5-209992-A-44_p232_006_snr+15.wav,noisy/engine_5-209992-A-44_p232_006_snr+15.wav
90,test,engine,esc50,5-209992-A-44.wav,502bb337b61dfa4080eb22b9098a2b38f975c1544933187f530a5552eb7bd32d,p257_006.wav,336051b3e1eb146169c48d23e56ef4abae990c22f223fe11a43cec896419024e,-5,-5.000000000312208,1.0,16000,64000,clean/engine_5-209992-A-44_p257_006_snr-05.wav,noisy/engine_5-209992-A-44_p257_006_snr-05.wav
91,test,engine,esc50,5-209992-A-44.wav,502bb337b61dfa4080eb22b9098a2b38f975c1544933187f530a5552eb7bd32d,p257_006.wav,336051b3e1eb146169c48d23e56ef4abae990c22f223fe11a43cec896419024e,0,-1.9164870493450352e-09,1.0,16000,64000,clean/engine_5-209992-A-44_p257_006_snr+00.wav,noisy/engine_5-209992-A-44_p257_006_snr+00.wav
92,test,engine,esc50,5-209992-A-44.wav,502bb337b61dfa4080eb22b9098a2b38f975c1544933187f530a5552eb7bd32d,p257_006.wav,336051b3e1eb146169c48d23e56ef4abae990c22f223fe11a43cec896419024e,5,4.999999993010338,1.0,16000,64000,clean/engine_5-209992-A-44_p257_006_snr+05.wav,noisy/engine_5-209992-A-44_p257_006_snr+05.wav
93,test,engine,esc50,5-209992-A-44.wav,502bb337b61dfa4080eb22b9098a2b38f975c1544933187f530a5552eb7bd32d,p257_006.wav,336051b3e1eb146169c48d23e56ef4abae990c22f223fe11a43cec896419024e,10,9.999999976967551,1.0,16000,64000,clean/engine_5-209992-A-44_p257_006_snr+10.wav,noisy/engine_5-209992-A-44_p257_006_snr+10.wav
94,test,engine,esc50,5-209992-A-44.wav,502bb337b61dfa4080eb22b9098a2b38f975c1544933187f530a5552eb7bd32d,p257_006.wav,336051b3e1eb146169c48d23e56ef4abae990c22f223fe11a43cec896419024e,15,14.999999926235802,1.0,16000,64000,clean/engine_5-209992-A-44_p257_006_snr+15.wav,noisy/engine_5-209992-A-44_p257_006_snr+15.wav
95,test,engine,esc50,5-209992-A-44.wav,502bb337b61dfa4080eb22b9098a2b38f975c1544933187f530a5552eb7bd32d,p257_008.wav,e4d93c15e49a577b7db5c58cec7e02a18d18bdf6c4896fc250c3588849d64c20,-5,-4.9999999997882805,1.0,16000,64000,clean/engine_5-209992-A-44_p257_008_snr-05.wav,noisy/engine_5-209992-A-44_p257_008_snr-05.wav
96,test,engine,esc50,5-209992-A-44.wav,502bb337b61dfa4080eb22b9098a2b38f975c1544933187f530a5552eb7bd32d,p257_008.wav,e4d93c15e49a577b7db5c58cec7e02a18d18bdf6c4896fc250c3588849d64c20,0,-2.5968277914455003e-10,1.0,16000,64000,clean/engine_5-209992-A-44_p257_008_snr+00.wav,noisy/engine_5-209992-A-44_p257_008_snr+00.wav
97,test,engine,esc50,5-209992-A-44.wav,502bb337b61dfa4080eb22b9098a2b38f975c1544933187f530a5552eb7bd32d,p257_008.wav,e4d93c15e49a577b7db5c58cec7e02a18d18bdf6c4896fc250c3588849d64c20,5,4.9999999982496135,1.0,16000,64000,clean/engine_5-209992-A-44_p257_008_snr+05.wav,noisy/engine_5-209992-A-44_p257_008_snr+05.wav
98,test,engine,esc50,5-209992-A-44.wav,502bb337b61dfa4080eb22b9098a2b38f975c1544933187f530a5552eb7bd32d,p257_008.wav,e4d93c15e49a577b7db5c58cec7e02a18d18bdf6c4896fc250c3588849d64c20,10,9.999999993535594,1.0,16000,64000,clean/engine_5-209992-A-44_p257_008_snr+10.wav,noisy/engine_5-209992-A-44_p257_008_snr+10.wav
99,test,engine,esc50,5-209992-A-44.wav,502bb337b61dfa4080eb22b9098a2b38f975c1544933187f530a5552eb7bd32d,p257_008.wav,e4d93c15e49a577b7db5c58cec7e02a18d18bdf6c4896fc250c3588849d64c20,15,14.999999978628553,1.0,16000,64000,clean/engine_5-209992-A-44_p257_008_snr+15.wav,noisy/engine_5-209992-A-44_p257_008_snr+15.wav
100,test,engine,esc50,5-232272-A-44.wav,e5562a8bf2a03e4f314ae65a5dbae73f8f15af6b22760f3ad7f51b5ce0b49435,p232_005.wav,89b1ebdeabff150a3cc12629178e5b98a2366e052f3e8028ea853c2059f69494,-5,-4.99999999925024,1.0,16000,64000,clean/engine_5-232272-A-44_p232_005_snr-05.wav,noisy/engine_5-232272-A-44_p232_005_snr-05.wav
101,test,engine,esc50,5-232272-A-44.wav,e5562a8bf2a03e4f314ae65a5dbae73f8f15af6b22760f3ad7f51b5ce0b49435,p232_005.wav,89b1ebdeabff150a3cc12629178e5b98a2366e052f3e8028ea853c2059f69494,0,3.797020112921244e-10,1.0,16000,64000,clean/engine_5-232272-A-44_p232_005_snr+00.wav,noisy/engine_5-232272-A-44_p232_005_snr+00.wav
102,test,engine,esc50,5-232272-A-44.wav,e5562a8bf2a03e4f314ae65a5dbae73f8f15af6b22760f3ad7f51b5ce0b49435,p232_005.wav,89b1ebdeabff150a3cc12629178e5b98a2366e052f3e8028ea853c2059f69494,5,4.999999999209473,1.0,16000,64000,clean/engine_5-232272-A-44_p232_005_snr+05.wav,noisy/engine_5-232272-A-44_p232_005_snr+05.wav
103,test,engine,esc50,5-232272-A-44.wav,e5562a8bf2a03e4f314ae65a5dbae73f8f15af6b22760f3ad7f51b5ce0b49435,p232_005.wav,89b1ebdeabff150a3cc12629178e5b98a2366e052f3e8028ea853c2059f69494,10,9.999999995508885,1.0,16000,64000,clean/engine_5-232272-A-44_p232_005_snr+10.wav,noisy/engine_5-232272-A-44_p232_005_snr+10.wav
104,test,engine,esc50,5-232272-A-44.wav,e5562a8bf2a03e4f314ae65a5dbae73f8f15af6b22760f3ad7f51b5ce0b49435,p232_005.wav,89b1ebdeabff150a3cc12629178e5b98a2366e052f3e8028ea853c2059f69494,15,14.999999983806596,1.0,16000,64000,clean/engine_5-232272-A-44_p232_005_snr+15.wav,noisy/engine_5-232272-A-44_p232_005_snr+15.wav
105,test,engine,esc50,5-232272-A-44.wav,e5562a8bf2a03e4f314ae65a5dbae73f8f15af6b22760f3ad7f51b5ce0b49435,p232_006.wav,337d07d33650b223ec973413db1e455aa907dc21a94e49f0544f561e2bce600c,-5,-4.999999999349443,1.0,16000,64000,clean/engine_5-232272-A-44_p232_006_snr-05.wav,noisy/engine_5-232272-A-44_p232_006_snr-05.wav
106,test,engine,esc50,5-232272-A-44.wav,e5562a8bf2a03e4f314ae65a5dbae73f8f15af6b22760f3ad7f51b5ce0b49435,p232_006.wav,337d07d33650b223ec973413db1e455aa907dc21a94e49f0544f561e2bce600c,0,6.59831425711915e-11,1.0,16000,64000,clean/engine_5-232272-A-44_p232_006_snr+00.wav,noisy/engine_5-232272-A-44_p232_006_snr+00.wav
107,test,engine,esc50,5-232272-A-44.wav,e5562a8bf2a03e4f314ae65a5dbae73f8f15af6b22760f3ad7f51b5ce0b49435,p232_006.wav,337d07d33650b223ec973413db1e455aa907dc21a94e49f0544f561e2bce600c,5,4.999999998217409,1.0,16000,64000,clean/engine_5-232272-A-44_p232_006_snr+05.wav,noisy/engine_5-232272-A-44_p232_006_snr+05.wav
108,test,engine,esc50,5-232272-A-44.wav,e5562a8bf2a03e4f314ae65a5dbae73f8f15af6b22760f3ad7f51b5ce0b49435,p232_006.wav,337d07d33650b223ec973413db1e455aa907dc21a94e49f0544f561e2bce600c,10,9.999999992371698,1.0,16000,64000,clean/engine_5-232272-A-44_p232_006_snr+10.wav,noisy/engine_5-232272-A-44_p232_006_snr+10.wav
109,test,engine,esc50,5-232272-A-44.wav,e5562a8bf2a03e4f314ae65a5dbae73f8f15af6b22760f3ad7f51b5ce0b49435,p232_006.wav,337d07d33650b223ec973413db1e455aa907dc21a94e49f0544f561e2bce600c,15,14.99999997388594,1.0,16000,64000,clean/engine_5-232272-A-44_p232_006_snr+15.wav,noisy/engine_5-232272-A-44_p232_006_snr+15.wav
110,test,engine,esc50,5-232272-A-44.wav,e5562a8bf2a03e4f314ae65a5dbae73f8f15af6b22760f3ad7f51b5ce0b49435,p257_006.wav,336051b3e1eb146169c48d23e56ef4abae990c22f223fe11a43cec896419024e,-5,-4.999999999821036,1.0,16000,64000,clean/engine_5-232272-A-44_p257_006_snr-05.wav,noisy/engine_5-232272-A-44_p257_006_snr-05.wav
111,test,engine,esc50,5-232272-A-44.wav,e5562a8bf2a03e4f314ae65a5dbae73f8f15af6b22760f3ad7f51b5ce0b49435,p257_006.wav,336051b3e1eb146169c48d23e56ef4abae990c22f223fe11a43cec896419024e,0,-1.4253136044538976e-09,1.0,16000,64000,clean/engine_5-232272-A-44_p257_006_snr+00.wav,noisy/engine_5-232272-A-44_p257_006_snr+00.wav
112,test,engine,esc50,5-232272-A-44.wav,e5562a8bf2a03e4f314ae65a5dbae73f8f15af6b22760f3ad7f51b5ce0b49435,p257_006.wav,336051b3e1eb146169c48d23e56ef4abae990c22f223fe11a43cec896419024e,5,4.999999993501511,1.0,16000,64000,clean/engine_5-232272-A-44_p257_006_snr+05.wav,noisy/engine_5-232272-A-44_p257_006_snr+05.wav
113,test,engine,esc50,5-232272-A-44.wav,e5562a8bf2a03e4f314ae65a5dbae73f8f15af6b22760f3ad7f51b5ce0b49435,p257_006.wav,336051b3e1eb146169c48d23e56ef4abae990c22f223fe11a43cec896419024e,10,9.999999977458724,1.0,16000,64000,clean/engine_5-232272-A-44_p257_006_snr+10.wav,noisy/engine_5-232272-A-44_p257_006_snr+10.wav
114,test,engine,esc50,5-232272-A-44.wav,e5562a8bf2a03e4f314ae65a5dbae73f8f15af6b22760f3ad7f51b5ce0b49435,p257_006.wav,336051b3e1eb146169c48d23e56ef4abae990c22f223fe11a43cec896419024e,15,14.999999926726971,1.0,16000,64000,clean/engine_5-232272-A-44_p257_006_snr+15.wav,noisy/engine_5-232272-A-44_p257_006_snr+15.wav
115,test,engine,esc50,5-232272-A-44.wav,e5562a8bf2a03e4f314ae65a5dbae73f8f15af6b22760f3ad7f51b5ce0b49435,p257_008.wav,e4d93c15e49a577b7db5c58cec7e02a18d18bdf6c4896fc250c3588849d64c20,-5,-4.999999999297108,1.0,16000,64000,clean/engine_5-232272-A-44_p257_008_snr-05.wav,noisy/engine_5-232272-A-44_p257_008_snr-05.wav
116,test,engine,esc50,5-232272-A-44.wav,e5562a8bf2a03e4f314ae65a5dbae73f8f15af6b22760f3ad7f51b5ce0b49435,p257_008.wav,e4d93c15e49a577b7db5c58cec7e02a18d18bdf6c4896fc250c3588849d64c20,0,2.31490665652898e-10,1.0,16000,64000,clean/engine_5-232272-A-44_p257_008_snr+00.wav,noisy/engine_5-232272-A-44_p257_008_snr+00.wav
117,test,engine,esc50,5-232272-A-44.wav,e5562a8bf2a03e4f314ae65a5dbae73f8f15af6b22760f3ad7f51b5ce0b49435,p257_008.wav,e4d93c15e49a577b7db5c58cec7e02a18d18bdf6c4896fc250c3588849d64c20,5,4.999999998740786,1.0,16000,64000,clean/engine_5-232272-A-44_p257_008_snr+05.wav,noisy/engine_5-232272-A-44_p257_008_snr+05.wav
118,test,engine,esc50,5-232272-A-44.wav,e5562a8bf2a03e4f314ae65a5dbae73f8f15af6b22760f3ad7f51b5ce0b49435,p257_008.wav,e4d93c15e49a577b7db5c58cec7e02a18d18bdf6c4896fc250c3588849d64c20,10,9.999999994026767,1.0,16000,64000,clean/engine_5-232272-A-44_p257_008_snr+10.wav,noisy/engine_5-232272-A-44_p257_008_snr+10.wav
119,test,engine,esc50,5-232272-A-44.wav,e5562a8bf2a03e4f314ae65a5dbae73f8f15af6b22760f3ad7f51b5ce0b49435,p257_008.wav,e4d93c15e49a577b7db5c58cec7e02a18d18bdf6c4896fc250c3588849d64c20,15,14.999999979119726,1.0,16000,64000,clean/engine_5-232272-A-44_p257_008_snr+15.wav,noisy/engine_5-232272-A-44_p257_008_snr+15.wav
120,test,wind,esc50,5-117773-A-16.wav,d14a14512b9d39a4be54b218136bf188336f7798a193fd20623e4fdafa5fdf18,p232_005.wav,89b1ebdeabff150a3cc12629178e5b98a2366e052f3e8028ea853c2059f69494,-5,-4.99999999983134,1.0,16000,64000,clean/wind_5-117773-A-16_p232_005_snr-05.wav,noisy/wind_5-117773-A-16_p232_005_snr-05.wav
121,test,wind,esc50,5-117773-A-16.wav,d14a14512b9d39a4be54b218136bf188336f7798a193fd20623e4fdafa5fdf18,p232_005.wav,89b1ebdeabff150a3cc12629178e5b98a2366e052f3e8028ea853c2059f69494,0,-2.0139979139198896e-10,1.0,16000,64000,clean/wind_5-117773-A-16_p232_005_snr+00.wav,noisy/wind_5-117773-A-16_p232_005_snr+00.wav
122,test,wind,esc50,5-117773-A-16.wav,d14a14512b9d39a4be54b218136bf188336f7798a193fd20623e4fdafa5fdf18,p232_005.wav,89b1ebdeabff150a3cc12629178e5b98a2366e052f3e8028ea853c2059f69494,5,4.999999998628371,1.0,16000,64000,clean/wind_5-117773-A-16_p232_005_snr+05.wav,noisy/wind_5-117773-A-16_p232_005_snr+05.wav
123,test,wind,esc50,5-117773-A-16.wav,d14a14512b9d39a4be54b218136bf188336f7798a193fd20623e4fdafa5fdf18,p232_005.wav,89b1ebdeabff150a3cc12629178e5b98a2366e052f3e8028ea853c2059f69494,10,9.999999994927784,1.0,16000,64000,clean/wind_5-117773-A-16_p232_005_snr+10.wav,noisy/wind_5-117773-A-16_p232_005_snr+10.wav
124,test,wind,esc50,5-117773-A-16.wav,d14a14512b9d39a4be54b218136bf188336f7798a193fd20623e4fdafa5fdf18,p232_005.wav,89b1ebdeabff150a3cc12629178e5b98a2366e052f3e8028ea853c2059f69494,15,14.999999983225496,1.0,16000,64000,clean/wind_5-117773-A-16_p232_005_snr+15.wav,noisy/wind_5-117773-A-16_p232_005_snr+15.wav
125,test,wind,esc50,5-117773-A-16.wav,d14a14512b9d39a4be54b218136bf188336f7798a193fd20623e4fdafa5fdf18,p232_006.wav,337d07d33650b223ec973413db1e455aa907dc21a94e49f0544f561e2bce600c,-5,-4.999999999930545,1.0,16000,64000,clean/wind_5-117773-A-16_p232_006_snr-05.wav,noisy/wind_5-117773-A-16_p232_006_snr-05.wav
126,test,wind,esc50,5-117773-A-16.wav,d14a14512b9d39a4be54b218136bf188336f7798a193fd20623e4fdafa5fdf18,p232_006.wav,337d07d33650b223ec973413db1e455aa907dc21a94e49f0544f561e2bce600c,0,-5.151176958064436e-10,1.0,16000,64000,clean/wind_5-117773-A-16_p232_006_snr+00.wav,noisy/wind_5-117773-A-16_p232_006_snr+00.wav
127,test,wind,esc50,5-117773-A-16.wav,d14a14512b9d39a4be54b218136bf188336f7798a193fd20623e4fdafa5fdf18,p232_006.wav,337d07d33650b223ec973413db1e455aa907dc21a94e49f0544f561e2bce600c,5,4.999999997636306,1.0,16000,64000,clean/wind_5-117773-A-16_p232_006_snr+05.wav,noisy/wind_5-117773-A-16_p232_006_snr+05.wav
128,test,wind,esc50,5-117773-A-16.wav,d14a14512b9d39a4be54b218136bf188336f7798a193fd20623e4fdafa5fdf18,p232_006.wav,337d07d33650b223ec973413db1e455aa907dc21a94e49f0544f561e2bce600c,10,9.999999991790597,1.0,16000,64000,clean/wind_5-117773-A-16_p232_006_snr+10.wav,noisy/wind_5-117773-A-16_p232_006_snr+10.wav
129,test,wind,esc50,5-117773-A-16.wav,d14a14512b9d39a4be54b218136bf188336f7798a193fd20623e4fdafa5fdf18,p232_006.wav,337d07d33650b223ec973413db1e455aa907dc21a94e49f0544f561e2bce600c,15,14.99999997330484,1.0,16000,64000,clean/wind_5-117773-A-16_p232_006_snr+15.wav,noisy/wind_5-117773-A-16_p232_006_snr+15.wav
130,test,wind,esc50,5-117773-A-16.wav,d14a14512b9d39a4be54b218136bf188336f7798a193fd20623e4fdafa5fdf18,p257_006.wav,336051b3e1eb146169c48d23e56ef4abae990c22f223fe11a43cec896419024e,-5,-5.000000000402136,1.0,16000,64000,clean/wind_5-117773-A-16_p257_006_snr-05.wav,noisy/wind_5-117773-A-16_p257_006_snr-05.wav
131,test,wind,esc50,5-117773-A-16.wav,d14a14512b9d39a4be54b218136bf188336f7798a193fd20623e4fdafa5fdf18,p257_006.wav,336051b3e1eb146169c48d23e56ef4abae990c22f223fe11a43cec896419024e,0,-2.0064154072587696e-09,1.0,16000,64000,clean/wind_5-117773-A-16_p257_006_snr+00.wav,noisy/wind_5-117773-A-16_p257_006_snr+00.wav
132,test,wind,esc50,5-117773-A-16.wav,d14a14512b9d39a4be54b218136bf188336f7798a193fd20623e4fdafa5fdf18,p257_006.wav,336051b3e1eb146169c48d23e56ef4abae990c22f223fe11a43cec896419024e,5,4.999999992920409,1.0,16000,64000,clean/wind_5-117773-A-16_p257_006_snr+05.wav,noisy/wind_5-117773-A-16_p257_006_snr+05.wav
133,test,wind,esc50,5-117773-A-16.wav,d14a14512b9d39a4be54b218136bf188336f7798a193fd20623e4fdafa5fdf18,p257_006.wav,336051b3e1eb146169c48d23e56ef4abae990c22f223fe11a43cec896419024e,10,9.999999976877621,1.0,16000,64000,clean/wind_5-117773-A-16_p257_006_snr+10.wav,noisy/wind_5-117773-A-16_p257_006_snr+10.wav
134,test,wind,esc50,5-117773-A-16.wav,d14a14512b9d39a4be54b218136bf188336f7798a193fd20623e4fdafa5fdf18,p257_006.wav,336051b3e1eb146169c48d23e56ef4abae990c22f223fe11a43cec896419024e,15,14.99999992614587,1.0,16000,64000,clean/wind_5-117773-A-16_p257_006_snr+15.wav,noisy/wind_5-117773-A-16_p257_006_snr+15.wav
135,test,wind,esc50,5-117773-A-16.wav,d14a14512b9d39a4be54b218136bf188336f7798a193fd20623e4fdafa5fdf18,p257_008.wav,e4d93c15e49a577b7db5c58cec7e02a18d18bdf6c4896fc250c3588849d64c20,-5,-4.9999999998782085,1.0,16000,64000,clean/wind_5-117773-A-16_p257_008_snr-05.wav,noisy/wind_5-117773-A-16_p257_008_snr-05.wav
136,test,wind,esc50,5-117773-A-16.wav,d14a14512b9d39a4be54b218136bf188336f7798a193fd20623e4fdafa5fdf18,p257_008.wav,e4d93c15e49a577b7db5c58cec7e02a18d18bdf6c4896fc250c3588849d64c20,0,-3.496111370411309e-10,1.0,16000,64000,clean/wind_5-117773-A-16_p257_008_snr+00.wav,noisy/wind_5-117773-A-16_p257_008_snr+00.wav
137,test,wind,esc50,5-117773-A-16.wav,d14a14512b9d39a4be54b218136bf188336f7798a193fd20623e4fdafa5fdf18,p257_008.wav,e4d93c15e49a577b7db5c58cec7e02a18d18bdf6c4896fc250c3588849d64c20,5,4.9999999981596845,1.0,16000,64000,clean/wind_5-117773-A-16_p257_008_snr+05.wav,noisy/wind_5-117773-A-16_p257_008_snr+05.wav
138,test,wind,esc50,5-117773-A-16.wav,d14a14512b9d39a4be54b218136bf188336f7798a193fd20623e4fdafa5fdf18,p257_008.wav,e4d93c15e49a577b7db5c58cec7e02a18d18bdf6c4896fc250c3588849d64c20,10,9.999999993445666,1.0,16000,64000,clean/wind_5-117773-A-16_p257_008_snr+10.wav,noisy/wind_5-117773-A-16_p257_008_snr+10.wav
139,test,wind,esc50,5-117773-A-16.wav,d14a14512b9d39a4be54b218136bf188336f7798a193fd20623e4fdafa5fdf18,p257_008.wav,e4d93c15e49a577b7db5c58cec7e02a18d18bdf6c4896fc250c3588849d64c20,15,14.999999978538625,1.0,16000,64000,clean/wind_5-117773-A-16_p257_008_snr+15.wav,noisy/wind_5-117773-A-16_p257_008_snr+15.wav
140,test,wind,esc50,5-157204-A-16.wav,5334617e6eb886d8dbdb1c19dedeb9a0e033e2d9448ce9ad409061db6f9324f6,p232_005.wav,89b1ebdeabff150a3cc12629178e5b98a2366e052f3e8028ea853c2059f69494,-5,-4.999999999586328,1.0,16000,64000,clean/wind_5-157204-A-16_p232_005_snr-05.wav,noisy/wind_5-157204-A-16_p232_005_snr-05.wav
141,test,wind,esc50,5-157204-A-16.wav,5334617e6eb886d8dbdb1c19dedeb9a0e033e2d9448ce9ad409061db6f9324f6,p232_005.wav,89b1ebdeabff150a3cc12629178e5b98a2366e052f3e8028ea853c2059f69494,0,4.361267400222947e-11,1.0,16000,64000,clean/wind_5-157204-A-16_p232_005_snr+00.wav,noisy/wind_5-157204-A-16_p232_005_snr+00.wav
142,test,wind,esc50,5-157204-A-16.wav,5334617e6eb886d8dbdb1c19dedeb9a0e033e2d9448ce9ad409061db6f9324f6,p232_005.wav,89b1ebdeabff150a3cc12629178e5b98a2366e052f3e8028ea853c2059f69494,5,4.999999998873382,1.0,16000,64000,clean/wind_5-157204-A-16_p232_005_snr+05.wav,noisy/wind_5-157204-A-16_p232_005_snr+05.wav
143,test,wind,esc50,5-157204-A-16.wav,5334617e6eb886d8dbdb1c19dedeb9a0e033e2d9448ce9ad409061db6f9324f6,p232_005.wav,89b1ebdeabff150a3cc12629178e5b98a2366e052f3e8028ea853c2059f69494,10,9.999999995172795,1.0,16000,64000,clean/wind_5-157204-A-16_p232_005_snr+10.wav,noisy/wind_5-157204-A-16_p232_005_snr+10.wav
144,test,wind,esc50,5-157204-A-16.wav,5334617e6eb886d8dbdb1c19dedeb9a0e033e2d9448ce9ad409061db6f9324f6,p232_005.wav,89b1ebdeabff150a3cc12629178e5b98a2366e052f3e8028ea853c2059f69494,15,14.999999983470504,1.0,16000,64000,clean/wind_5-157204-A-16_p232_005_snr+15.wav,noisy/wind_5-157204-A-16_p232_005_snr+15.wav
145,test,wind,esc50,5-157204-A-16.wav,5334617e6eb886d8dbdb1c19dedeb9a0e033e2d9448ce9ad409061db6f9324f6,p232_006.wav,337d07d33650b223ec973413db1e455aa907dc21a94e49f0544f561e2bce600c,-5,-4.999999999685535,1.0,16000,64000,clean/wind_5-157204-A-16_p232_006_snr-05.wav,noisy/wind_5-157204-A-16_p232_006_snr-05.wav
146,test,wind,esc50,5-157204-A-16.wav,5334617e6eb886d8dbdb1c19dedeb9a0e033e2d9448ce9ad409061db6f9324f6,p232_006.wav,337d07d33650b223ec973413db1e455aa907dc21a94e49f0544f561e2bce600c,0,-2.701081233857755e-10,1.0,16000,64000,clean/wind_5-157204-A-16_p232_006_snr+00.wav,noisy/wind_5-157204-A-16_p232_006_snr+00.wav
147,test,wind,esc50,5-157204-A-16.wav,5334617e6eb886d8dbdb1c19dedeb9a0e033e2d9448ce9ad409061db6f9324f6,p232_006.wav,337d07d33650b223ec973413db1e455aa907dc21a94e49f0544f561e2bce600c,5,4.999999997881318,1.0,16000,64000,clean/wind_5-157204-A-16_p232_006_snr+05.wav,noisy/wind_5-157204-A-16_p232_006_snr+05.wav
148,test,wind,esc50,5-157204-A-16.wav,5334617e6eb886d8dbdb1c19dedeb9a0e033e2d9448ce9ad409061db6f9324f6,p232_006.wav,337d07d33650b223ec973413db1e455aa907dc21a94e49f0544f561e2bce600c,10,9.999999992035608,1.0,16000,64000,clean/wind_5-157204-A-16_p232_006_snr+10.wav,noisy/wind_5-157204-A-16_p232_006_snr+10.wav
149,test,wind,esc50,5-157204-A-16.wav,5334617e6eb886d8dbdb1c19dedeb9a0e033e2d9448ce9ad409061db6f9324f6,p232_006.wav,337d07d33650b223ec973413db1e455aa907dc21a94e49f0544f561e2bce600c,15,14.999999973549851,1.0,16000,64000,clean/wind_5-157204-A-16_p232_006_snr+15.wav,noisy/wind_5-157204-A-16_p232_006_snr+15.wav
150,test,wind,esc50,5-157204-A-16.wav,5334617e6eb886d8dbdb1c19dedeb9a0e033e2d9448ce9ad409061db6f9324f6,p257_006.wav,336051b3e1eb146169c48d23e56ef4abae990c22f223fe11a43cec896419024e,-5,-5.000000000157127,1.0,16000,64000,clean/wind_5-157204-A-16_p257_006_snr-05.wav,noisy/wind_5-157204-A-16_p257_006_snr-05.wav
151,test,wind,esc50,5-157204-A-16.wav,5334617e6eb886d8dbdb1c19dedeb9a0e033e2d9448ce9ad409061db6f9324f6,p257_006.wav,336051b3e1eb146169c48d23e56ef4abae990c22f223fe11a43cec896419024e,0,-1.761403906141102e-09,1.0,16000,64000,clean/wind_5-157204-A-16_p257_006_snr+00.wav,noisy/wind_5-157204-A-16_p257_006_snr+00.wav
152,test,wind,esc50,5-157204-A-16.wav,5334617e6eb886d8dbdb1c19dedeb9a0e033e2d9448ce9ad409061db6f9324f6,p257_006.wav,336051b3e1eb146169c48d23e56ef4abae990c22f223fe11a43cec896419024e,5,4.999999993165421,1.0,16000,64000,clean/wind_5-157204-A-16_p257_006_snr+05.wav,noisy/wind_5-157204-A-16_p257_006_snr+05.wav
153,test,wind,esc50,5-157204-A-16.wav,5334617e6eb886d8dbdb1c19dedeb9a0e033e2d9448ce9ad409061db6f9324f6,p257_006.wav,336051b3e1eb146169c48d23e56ef4abae990c22f223fe11a43cec896419024e,10,9.999999977122634,1.0,16000,64000,clean/wind_5-157204-A-16_p257_006_snr+10.wav,noisy/wind_5-157204-A-16_p257_006_snr+10.wav
154,test,wind,esc50,5-157204-A-16.wav,5334617e6eb886d8dbdb1c19dedeb9a0e033e2d9448ce9ad409061db6f9324f6,p257_006.wav,336051b3e1eb146169c48d23e56ef4abae990c22f223fe11a43cec896419024e,15,14.999999926390883,1.0,16000,64000,clean/wind_5-157204-A-16_p257_006_snr+15.wav,noisy/wind_5-157204-A-16_p257_006_snr+15.wav
155,test,wind,esc50,5-157204-A-16.wav,5334617e6eb886d8dbdb1c19dedeb9a0e033e2d9448ce9ad409061db6f9324f6,p257_008.wav,e4d93c15e49a577b7db5c58cec7e02a18d18bdf6c4896fc250c3588849d64c20,-5,-4.999999999633198,1.0,16000,64000,clean/wind_5-157204-A-16_p257_008_snr-05.wav,noisy/wind_5-157204-A-16_p257_008_snr-05.wav
156,test,wind,esc50,5-157204-A-16.wav,5334617e6eb886d8dbdb1c19dedeb9a0e033e2d9448ce9ad409061db6f9324f6,p257_008.wav,e4d93c15e49a577b7db5c58cec7e02a18d18bdf6c4896fc250c3588849d64c20,0,-1.0459963597019831e-10,1.0,16000,64000,clean/wind_5-157204-A-16_p257_008_snr+00.wav,noisy/wind_5-157204-A-16_p257_008_snr+00.wav
157,test,wind,esc50,5-157204-A-16.wav,5334617e6eb886d8dbdb1c19dedeb9a0e033e2d9448ce9ad409061db6f9324f6,p257_008.wav,e4d93c15e49a577b7db5c58cec7e02a18d18bdf6c4896fc250c3588849d64c20,5,4.999999998404696,1.0,16000,64000,clean/wind_5-157204-A-16_p257_008_snr+05.wav,noisy/wind_5-157204-A-16_p257_008_snr+05.wav
158,test,wind,esc50,5-157204-A-16.wav,5334617e6eb886d8dbdb1c19dedeb9a0e033e2d9448ce9ad409061db6f9324f6,p257_008.wav,e4d93c15e49a577b7db5c58cec7e02a18d18bdf6c4896fc250c3588849d64c20,10,9.999999993690675,1.0,16000,64000,clean/wind_5-157204-A-16_p257_008_snr+10.wav,noisy/wind_5-157204-A-16_p257_008_snr+10.wav
159,test,wind,esc50,5-157204-A-16.wav,5334617e6eb886d8dbdb1c19dedeb9a0e033e2d9448ce9ad409061db6f9324f6,p257_008.wav,e4d93c15e49a577b7db5c58cec7e02a18d18bdf6c4896fc250c3588849d64c20,15,14.999999978783636,1.0,16000,64000,clean/wind_5-157204-A-16_p257_008_snr+15.wav,noisy/wind_5-157204-A-16_p257_008_snr+15.wav
160,test,fireworks,esc50,4-119647-A-48.wav,0ee8c78bf99e24c3733bfa9044f543f9437909ca12dc85d9322e1f45b03cc526,p232_005.wav,89b1ebdeabff150a3cc12629178e5b98a2366e052f3e8028ea853c2059f69494,-5,-4.999999991998449,0.15759537478139604,16000,64000,clean/fireworks_4-119647-A-48_p232_005_snr-05.wav,noisy/fireworks_4-119647-A-48_p232_005_snr-05.wav
161,test,fireworks,esc50,4-119647-A-48.wav,0ee8c78bf99e24c3733bfa9044f543f9437909ca12dc85d9322e1f45b03cc526,p232_005.wav,89b1ebdeabff150a3cc12629178e5b98a2366e052f3e8028ea853c2059f69494,0,7.631492772801925e-09,0.28008403742409743,16000,64000,clean/fireworks_4-119647-A-48_p232_005_snr+00.wav,noisy/fireworks_4-119647-A-48_p232_005_snr+00.wav
162,test,fireworks,esc50,4-119647-A-48.wav,0ee8c78bf99e24c3733bfa9044f543f9437909ca12dc85d9322e1f45b03cc526,p232_005.wav,89b1ebdeabff150a3cc12629178e5b98a2366e052f3e8028ea853c2059f69494,5,5.0000000064612635,0.49754810055623216,16000,64000,clean/fireworks_4-119647-A-48_p232_005_snr+05.wav,noisy/fireworks_4-119647-A-48_p232_005_snr+05.wav
163,test,fireworks,esc50,4-119647-A-48.wav,0ee8c78bf99e24c3733bfa9044f543f9437909ca12dc85d9322e1f45b03cc526,p232_005.wav,89b1ebdeabff150a3cc12629178e5b98a2366e052f3e8028ea853c2059f69494,10,10.000000002760675,0.8831412514214398,16000,64000,clean/fireworks_4-119647-A-48_p232_005_snr+10.wav,noisy/fireworks_4-119647-A-48_p232_005_snr+10.wav
164,test,fireworks,esc50,4-119647-A-48.wav,0ee8c78bf99e24c3733bfa9044f543f9437909ca12dc85d9322e1f45b03cc526,p232_005.wav,89b1ebdeabff150a3cc12629178e5b98a2366e052f3e8028ea853c2059f69494,15,14.999999991058385,1.0,16000,64000,clean/fireworks_4-119647-A-48_p232_005_snr+15.wav,noisy/fireworks_4-119647-A-48_p232_005_snr+15.wav
165,test,fireworks,esc50,4-119647-A-48.wav,0ee8c78bf99e24c3733bfa9044f543f9437909ca12dc85d9322e1f45b03cc526,p232_006.wav,337d07d33650b223ec973413db1e455aa907dc21a94e49f0544f561e2bce600c,-5,-4.999999992097655,0.19714780765077838,16000,64000,clean/fireworks_4-119647-A-48_p232_006_snr-05.wav,noisy/fireworks_4-119647-A-48_p232_006_snr-05.wav
166,test,fireworks,esc50,4-119647-A-48.wav,0ee8c78bf99e24c3733bfa9044f543f9437909ca12dc85d9322e1f45b03cc526,p232_006.wav,337d07d33650b223ec973413db1e455aa907dc21a94e49f0544f561e2bce600c,0,7.317773904342914e-09,0.3491097221004847,16000,64000,clean/fireworks_4-119647-A-48_p232_006_snr+00.wav,noisy/fireworks_4-119647-A-48_p232_006_snr+00.wav
167,test,fireworks,esc50,4-119647-A-48.wav,0ee8c78bf99e24c3733bfa9044f543f9437909ca12dc85d9322e1f45b03cc526,p232_006.wav,337d07d33650b223ec973413db1e455aa907dc21a94e49f0544f561e2bce600c,5,5.000000005469198,0.6162069672890826,16000,64000,clean/fireworks_4-119647-A-48_p232_006_snr+05.wav,noisy/fireworks_4-119647-A-48_p232_006_snr+05.wav
168,test,fireworks,esc50,4-119647-A-48.wav,0ee8c78bf99e24c3733bfa9044f543f9437909ca12dc85d9322e1f45b03cc526,p232_006.wav,337d07d33650b223ec973413db1e455aa907dc21a94e49f0544f561e2bce600c,10,9.999999999623489,1.0,16000,64000,clean/fireworks_4-119647-A-48_p232_006_snr+10.wav,noisy/fireworks_4-119647-A-48_p232_006_snr+10.wav
169,test,fireworks,esc50,4-119647-A-48.wav,0ee8c78bf99e24c3733bfa9044f543f9437909ca12dc85d9322e1f45b03cc526,p232_006.wav,337d07d33650b223ec973413db1e455aa907dc21a94e49f0544f561e2bce600c,15,14.99999998113773,1.0,16000,64000,clean/fireworks_4-119647-A-48_p232_006_snr+15.wav,noisy/fireworks_4-119647-A-48_p232_006_snr+15.wav
170,test,fireworks,esc50,4-119647-A-48.wav,0ee8c78bf99e24c3733bfa9044f543f9437909ca12dc85d9322e1f45b03cc526,p257_006.wav,336051b3e1eb146169c48d23e56ef4abae990c22f223fe11a43cec896419024e,-5,-4.999999992569246,0.32869452340977773,16000,64000,clean/fireworks_4-119647-A-48_p257_006_snr-05.wav,noisy/fireworks_4-119647-A-48_p257_006_snr-05.wav
171,test,fireworks,esc50,4-119647-A-48.wav,0ee8c78bf99e24c3733bfa9044f543f9437909ca12dc85d9322e1f45b03cc526,p257_006.wav,336051b3e1eb146169c48d23e56ef4abae990c22f223fe11a43cec896419024e,0,5.826476194235432e-09,0.584947505696669,16000,64000,clean/fireworks_4-119647-A-48_p257_006_snr+00.wav,noisy/fireworks_4-119647-A-48_p257_006_snr+00.wav
172,test,fireworks,esc50,4-119647-A-48.wav,0ee8c78bf99e24c3733bfa9044f543f9437909ca12dc85d9322e1f45b03cc526,p257_006.wav,336051b3e1eb146169c48d23e56ef4abae990c22f223fe11a43cec896419024e,5,5.000000000753303,1.0,16000,64000,clean/fireworks_4-119647-A-48_p257_006_snr+05.wav,noisy/fireworks_4-119647-A-48_p257_006_snr+05.wav
173,test,fireworks,esc50,4-119647-A-48.wav,0ee8c78bf99e24c3733bfa9044f543f9437909ca12dc85d9322e1f45b03cc526,p257_006.wav,336051b3e1eb146169c48d23e56ef4abae990c22f223fe11a43cec896419024e,10,9.999999984710515,1.0,16000,64000,clean/fireworks_4-119647-A-48_p257_006_snr+10.wav,noisy/fireworks_4-119647-A-48_p257_006_snr+10.wav
174,test,fireworks,esc50,4-119647-A-48.wav,0ee8c78bf99e24c3733bfa9044f543f9437909ca12dc85d9322e1f45b03cc526,p257_006.wav,336051b3e1eb146169c48d23e56ef4abae990c22f223fe11a43cec896419024e,15,14.999999933978764,1.0,16000,64000,clean/fireworks_4-119647-A-48_p257_006_snr+15.wav,noisy/fireworks_4-119647-A-48_p257_006_snr+15.wav
175,test,fireworks,esc50,4-119647-A-48.wav,0ee8c78bf99e24c3733bfa9044f543f9437909ca12dc85d9322e1f45b03cc526,p257_008.wav,e4d93c15e49a577b7db5c58cec7e02a18d18bdf6c4896fc250c3588849d64c20,-5,-4.999999992045317,0.173413020176788,16000,64000,clean/fireworks_4-119647-A-48_p257_008_snr-05.wav,noisy/fireworks_4-119647-A-48_p257_008_snr-05.wav
176,test,fireworks,esc50,4-119647-A-48.wav,0ee8c78bf99e24c3733bfa9044f543f9437909ca12dc85d9322e1f45b03cc526,p257_008.wav,e4d93c15e49a577b7db5c58cec7e02a18d18bdf6c4896fc250c3588849d64c20,0,7.483279498631507e-09,0.302307541217854,16000,64000,clean/fireworks_4-119647-A-48_p257_008_snr+00.wav,noisy/fireworks_4-119647-A-48_p257_008_snr+00.wav
177,test,fireworks,esc50,4-119647-A-48.wav,0ee8c78bf99e24c3733bfa9044f543f9437909ca12dc85d9322e1f45b03cc526,p257_008.wav,e4d93c15e49a577b7db5c58cec7e02a18d18bdf6c4896fc250c3588849d64c20,5,5.000000005992579,0.5194085567656758,16000,64000,clean/fireworks_4-119647-A-48_p257_008_snr+05.wav,noisy/fireworks_4-119647-A-48_p257_008_snr+05.wav
178,test,fireworks,esc50,4-119647-A-48.wav,0ee8c78bf99e24c3733bfa9044f543f9437909ca12dc85d9322e1f45b03cc526,p257_008.wav,e4d93c15e49a577b7db5c58cec7e02a18d18bdf6c4896fc250c3588849d64c20,10,10.00000000127856,0.8712617843653482,16000,64000,clean/fireworks_4-119647-A-48_p257_008_snr+10.wav,noisy/fireworks_4-119647-A-48_p257_008_snr+10.wav
179,test,fireworks,esc50,4-119647-A-48.wav,0ee8c78bf99e24c3733bfa9044f543f9437909ca12dc85d9322e1f45b03cc526,p257_008.wav,e4d93c15e49a577b7db5c58cec7e02a18d18bdf6c4896fc250c3588849d64c20,15,14.999999986371517,1.0,16000,64000,clean/fireworks_4-119647-A-48_p257_008_snr+15.wav,noisy/fireworks_4-119647-A-48_p257_008_snr+15.wav
180,test,fireworks,esc50,4-119648-A-48.wav,c205760c87ea392acd3300d75ab6a1f6185cce1f2cd38884041340c2f578dddb,p232_005.wav,89b1ebdeabff150a3cc12629178e5b98a2366e052f3e8028ea853c2059f69494,-5,-4.999999999140386,0.3780150246620268,16000,64000,clean/fireworks_4-119648-A-48_p232_005_snr-05.wav,noisy/fireworks_4-119648-A-48_p232_005_snr-05.wav
181,test,fireworks,esc50,4-119648-A-48.wav,c205760c87ea392acd3300d75ab6a1f6185cce1f2cd38884041340c2f578dddb,p232_005.wav,89b1ebdeabff150a3cc12629178e5b98a2366e052f3e8028ea853c2059f69494,0,4.895543389665118e-10,0.6603231207385647,16000,64000,clean/fireworks_4-119648-A-48_p232_005_snr+00.wav,noisy/fireworks_4-119648-A-48_p232_005_snr+00.wav
182,test,fireworks,esc50,4-119648-A-48.wav,c205760c87ea392acd3300d75ab6a1f6185cce1f2cd38884041340c2f578dddb,p232_005.wav,89b1ebdeabff150a3cc12629178e5b98a2366e052f3e8028ea853c2059f69494,5,4.999999999319325,1.0,16000,64000,clean/fireworks_4-119648-A-48_p232_005_snr+05.wav,noisy/fireworks_4-119648-A-48_p232_005_snr+05.wav
183,test,fireworks,esc50,4-119648-A-48.wav,c205760c87ea392acd3300d75ab6a1f6185cce1f2cd38884041340c2f578dddb,p232_005.wav,89b1ebdeabff150a3cc12629178e5b98a2366e052f3e8028ea853c2059f69494,10,9.999999995618737,1.0,16000,64000,clean/fireworks_4-119648-A-48_p232_005_snr+10.wav,noisy/fireworks_4-119648-A-48_p232_005_snr+10.wav
184,test,fireworks,esc50,4-119648-A-48.wav,c205760c87ea392acd3300d75ab6a1f6185cce1f2cd38884041340c2f578dddb,p232_005.wav,89b1ebdeabff150a3cc12629178e5b98a2366e052f3e8028ea853c2059f69494,15,14.999999983916448,1.0,16000,64000,clean/fireworks_4-119648-A-48_p232_005_snr+15.wav,noisy/fireworks_4-119648-A-48_p232_005_snr+15.wav
185,test,fireworks,esc50,4-119648-A-48.wav,c205760c87ea392acd3300d75ab6a1f6185cce1f2cd38884041340c2f578dddb,p232_006.wav,337d07d33650b223ec973413db1e455aa907dc21a94e49f0544f561e2bce600c,-5,-4.999999999239592,0.4840422189111518,16000,64000,clean/fireworks_4-119648-A-48_p232_006_snr-05.wav,noisy/fireworks_4-119648-A-48_p232_006_snr-05.wav
186,test,fireworks,esc50,4-119648-A-48.wav,c205760c87ea392acd3300d75ab6a1f6185cce1f2cd38884041340c2f578dddb,p232_006.wav,337d07d33650b223ec973413db1e455aa907dc21a94e49f0544f561e2bce600c,0,1.7583547024954658e-10,0.8188276807982655,16000,64000,clean/fireworks_4-119648-A-48_p232_006_snr+00.wav,noisy/fireworks_4-119648-A-48_p232_006_snr+00.wav
187,test,fireworks,esc50,4-119648-A-48.wav,c205760c87ea392acd3300d75ab6a1f6185cce1f2cd38884041340c2f578dddb,p232_006.wav,337d07d33650b223ec973413db1e455aa907dc21a94e49f0544f561e2bce600c,5,4.999999998327261,1.0,16000,64000,clean/fireworks_4-119648-A-48_p232_006_snr+05.wav,noisy/fireworks_4-119648-A-48_p232_006_snr+05.wav
188,test,fireworks,esc50,4-119648-A-48.wav,c205760c87ea392acd3300d75ab6a1f6185cce1f2cd38884041340c2f578dddb,p232_006.wav,337d07d33650b223ec973413db1e455aa907dc21a94e49f0544f561e2bce600c,10,9.99999999248155,1.0,16000,64000,clean/fireworks_4-119648-A-48_p232_006_snr+10.wav,noisy/fireworks_4-119648-A-48_p232_006_snr+10.wav
189,test,fireworks,esc50,4-119648-A-48.wav,c205760c87ea392acd3300d75ab6a1f6185cce1f2cd38884041340c2f578dddb,p232_006.wav,337d07d33650b223ec973413db1e455aa907dc21a94e49f0544f561e2bce600c,15,14.999999973995791,1.0,16000,64000,clean/fireworks_4-119648-A-48_p232_006_snr+15.wav,noisy/fireworks_4-119648-A-48_p232_006_snr+15.wav
190,test,fireworks,esc50,4-119648-A-48.wav,c205760c87ea392acd3300d75ab6a1f6185cce1f2cd38884041340c2f578dddb,p257_006.wav,336051b3e1eb146169c48d23e56ef4abae990c22f223fe11a43cec896419024e,-5,-4.999999999711183,0.7987937343441909,16000,64000,clean/fireworks_4-119648-A-48_p257_006_snr-05.wav,noisy/fireworks_4-119648-A-48_p257_006_snr-05.wav
191,test,fireworks,esc50,4-119648-A-48.wav,c205760c87ea392acd3300d75ab6a1f6185cce1f2cd38884041340c2f578dddb,p257_006.wav,336051b3e1eb146169c48d23e56ef4abae990c22f223fe11a43cec896419024e,0,-1.3154612767566817e-09,1.0,16000,64000,clean/fireworks_4-119648-A-48_p257_006_snr+00.wav,noisy/fireworks_4-119648-A-48_p257_006_snr+00.wav
192,test,fireworks,esc50,4-119648-A-48.wav,c205760c87ea392acd3300d75ab6a1f6185cce1f2cd38884041340c2f578dddb,p257_006.wav,336051b3e1eb146169c48d23e56ef4abae990c22f223fe11a43cec896419024e,5,4.999999993611364,1.0,16000,64000,clean/fireworks_4-119648-A-48_p257_006_snr+05.wav,noisy/fireworks_4-119648-A-48_p257_006_snr+05.wav
193,test,fireworks,esc50,4-119648-A-48.wav,c205760c87ea392acd3300d75ab6a1f6185cce1f2cd38884041340c2f578dddb,p257_006.wav,336051b3e1eb146169c48d23e56ef4abae990c22f223fe11a43cec896419024e,10,9.999999977568576,1.0,16000,64000,clean/fireworks_4-119648-A-48_p257_006_snr+10.wav,noisy/fireworks_4-119648-A-48_p257_006_snr+10.wav
194,test,fireworks,esc50,4-119648-A-48.wav,c205760c87ea392acd3300d75ab6a1f6185cce1f2cd38884041340c2f578dddb,p257_006.wav,336051b3e1eb146169c48d23e56ef4abae990c22f223fe11a43cec896419024e,15,14.999999926836827,1.0,16000,64000,clean/fireworks_4-119648-A-48_p257_006_snr+15.wav,noisy/fireworks_4-119648-A-48_p257_006_snr+15.wav
195,test,fireworks,esc50,4-119648-A-48.wav,c205760c87ea392acd3300d75ab6a1f6185cce1f2cd38884041340c2f578dddb,p257_008.wav,e4d93c15e49a577b7db5c58cec7e02a18d18bdf6c4896fc250c3588849d64c20,-5,-4.9999999991872555,0.40669499202800685,16000,64000,clean/fireworks_4-119648-A-48_p257_008_snr-05.wav,noisy/fireworks_4-119648-A-48_p257_008_snr-05.wav
196,test,fireworks,esc50,4-119648-A-48.wav,c205760c87ea392acd3300d75ab6a1f6185cce1f2cd38884041340c2f578dddb,p257_008.wav,e4d93c15e49a577b7db5c58cec7e02a18d18bdf6c4896fc250c3588849d64c20,0,3.4134299332915993e-10,0.6869042997082379,16000,64000,clean/fireworks_4-119648-A-48_p257_008_snr+00.wav,noisy/fireworks_4-119648-A-48_p257_008_snr+00.wav
197,test,fireworks,esc50,4-119648-A-48.wav,c205760c87ea392acd3300d75ab6a1f6185cce1f2cd38884041340c2f578dddb,p257_008.wav,e4d93c15e49a577b7db5c58cec7e02a18d18bdf6c4896fc250c3588849d64c20,5,4.999999998850639,1.0,16000,64000,clean/fireworks_4-119648-A-48_p257_008_snr+05.wav,noisy/fireworks_4-119648-A-48_p257_008_snr+05.wav
198,test,fireworks,esc50,4-119648-A-48.wav,c205760c87ea392acd3300d75ab6a1f6185cce1f2cd38884041340c2f578dddb,p257_008.wav,e4d93c15e49a577b7db5c58cec7e02a18d18bdf6c4896fc250c3588849d64c20,10,9.99999999413662,1.0,16000,64000,clean/fireworks_4-119648-A-48_p257_008_snr+10.wav,noisy/fireworks_4-119648-A-48_p257_008_snr+10.wav
199,test,fireworks,esc50,4-119648-A-48.wav,c205760c87ea392acd3300d75ab6a1f6185cce1f2cd38884041340c2f578dddb,p257_008.wav,e4d93c15e49a577b7db5c58cec7e02a18d18bdf6c4896fc250c3588849d64c20,15,14.999999979229578,1.0,16000,64000,clean/fireworks_4-119648-A-48_p257_008_snr+15.wav,noisy/fireworks_4-119648-A-48_p257_008_snr+15.wav
200,test,gunfire,sesa,SESA/test/gunshot_009.wav,0b5573a97e701679a539d5976fd883e2f8725337a1e9a2baf685444b91951e2a,p232_005.wav,89b1ebdeabff150a3cc12629178e5b98a2366e052f3e8028ea853c2059f69494,-5,-4.999999987875846,0.11215680551572009,16000,64000,clean/gunfire_gunshot_009_p232_005_snr-05.wav,noisy/gunfire_gunshot_009_p232_005_snr-05.wav
201,test,gunfire,sesa,SESA/test/gunshot_009.wav,0b5573a97e701679a539d5976fd883e2f8725337a1e9a2baf685444b91951e2a,p232_005.wav,89b1ebdeabff150a3cc12629178e5b98a2366e052f3e8028ea853c2059f69494,0,1.1754094906428172e-08,0.1995505411989975,16000,64000,clean/gunfire_gunshot_009_p232_005_snr+00.wav,noisy/gunfire_gunshot_009_p232_005_snr+00.wav
202,test,gunfire,sesa,SESA/test/gunshot_009.wav,0b5573a97e701679a539d5976fd883e2f8725337a1e9a2baf685444b91951e2a,p232_005.wav,89b1ebdeabff150a3cc12629178e5b98a2366e052f3e8028ea853c2059f69494,5,5.000000010583866,0.35518725135509444,16000,64000,clean/gunfire_gunshot_009_p232_005_snr+05.wav,noisy/gunfire_gunshot_009_p232_005_snr+05.wav
203,test,gunfire,sesa,SESA/test/gunshot_009.wav,0b5573a97e701679a539d5976fd883e2f8725337a1e9a2baf685444b91951e2a,p232_005.wav,89b1ebdeabff150a3cc12629178e5b98a2366e052f3e8028ea853c2059f69494,10,10.000000006883278,0.6326704391595269,16000,64000,clean/gunfire_gunshot_009_p232_005_snr+10.wav,noisy/gunfire_gunshot_009_p232_005_snr+10.wav
204,test,gunfire,sesa,SESA/test/gunshot_009.wav,0b5573a97e701679a539d5976fd883e2f8725337a1e9a2baf685444b91951e2a,p232_005.wav,89b1ebdeabff150a3cc12629178e5b98a2366e052f3e8028ea853c2059f69494,15,14.999999995180989,1.0,16000,64000,clean/gunfire_gunshot_009_p232_005_snr+15.wav,noisy/gunfire_gunshot_009_p232_005_snr+15.wav
205,test,gunfire,sesa,SESA/test/gunshot_009.wav,0b5573a97e701679a539d5976fd883e2f8725337a1e9a2baf685444b91951e2a,p232_006.wav,337d07d33650b223ec973413db1e455aa907dc21a94e49f0544f561e2bce600c,-5,-4.999999987975054,0.14086994178768408,16000,64000,clean/gunfire_gunshot_009_p232_006_snr-05.wav,noisy/gunfire_gunshot_009_p232_006_snr-05.wav
206,test,gunfire,sesa,SESA/test/gunshot_009.wav,0b5573a97e701679a539d5976fd883e2f8725337a1e9a2baf685444b91951e2a,p232_006.wav,337d07d33650b223ec973413db1e455aa907dc21a94e49f0544f561e2bce600c,0,1.144037603811806e-08,0.25050672324010576,16000,64000,clean/gunfire_gunshot_009_p232_006_snr+00.wav,noisy/gunfire_gunshot_009_p232_006_snr+00.wav
207,test,gunfire,sesa,SESA/test/gunshot_009.wav,0b5573a97e701679a539d5976fd883e2f8725337a1e9a2baf685444b91951e2a,p232_006.wav,337d07d33650b223ec973413db1e455aa907dc21a94e49f0544f561e2bce600c,5,5.000000009591801,0.4454728652075232,16000,64000,clean/gunfire_gunshot_009_p232_006_snr+05.wav,noisy/gunfire_gunshot_009_p232_006_snr+05.wav
208,test,gunfire,sesa,SESA/test/gunshot_009.wav,0b5573a97e701679a539d5976fd883e2f8725337a1e9a2baf685444b91951e2a,p232_006.wav,337d07d33650b223ec973413db1e455aa907dc21a94e49f0544f561e2bce600c,10,10.000000003746091,0.7921812866996949,16000,64000,clean/gunfire_gunshot_009_p232_006_snr+10.wav,noisy/gunfire_gunshot_009_p232_006_snr+10.wav
209,test,gunfire,sesa,SESA/test/gunshot_009.wav,0b5573a97e701679a539d5976fd883e2f8725337a1e9a2baf685444b91951e2a,p232_006.wav,337d07d33650b223ec973413db1e455aa907dc21a94e49f0544f561e2bce600c,15,14.999999985260335,1.0,16000,64000,clean/gunfire_gunshot_009_p232_006_snr+15.wav,noisy/gunfire_gunshot_009_p232_006_snr+15.wav
210,test,gunfire,sesa,SESA/test/gunshot_009.wav,0b5573a97e701679a539d5976fd883e2f8725337a1e9a2baf685444b91951e2a,p257_006.wav,336051b3e1eb146169c48d23e56ef4abae990c22f223fe11a43cec896419024e,-5,-4.999999988446644,0.23534662691686228,16000,64000,clean/gunfire_gunshot_009_p257_006_snr-05.wav,noisy/gunfire_gunshot_009_p257_006_snr-05.wav
211,test,gunfire,sesa,SESA/test/gunshot_009.wav,0b5573a97e701679a539d5976fd883e2f8725337a1e9a2baf685444b91951e2a,p257_006.wav,336051b3e1eb146169c48d23e56ef4abae990c22f223fe11a43cec896419024e,0,9.949078328718396e-09,0.4199704786412205,16000,64000,clean/gunfire_gunshot_009_p257_006_snr+00.wav,noisy/gunfire_gunshot_009_p257_006_snr+00.wav
212,test,gunfire,sesa,SESA/test/gunshot_009.wav,0b5573a97e701679a539d5976fd883e2f8725337a1e9a2baf685444b91951e2a,p257_006.wav,336051b3e1eb146169c48d23e56ef4abae990c22f223fe11a43cec896419024e,5,5.000000004875903,0.74921186722165,16000,64000,clean/gunfire_gunshot_009_p257_006_snr+05.wav,noisy/gunfire_gunshot_009_p257_006_snr+05.wav
213,test,gunfire,sesa,SESA/test/gunshot_009.wav,0b5573a97e701679a539d5976fd883e2f8725337a1e9a2baf685444b91951e2a,p257_006.wav,336051b3e1eb146169c48d23e56ef4abae990c22f223fe11a43cec896419024e,10,9.999999988833114,1.0,16000,64000,clean/gunfire_gunshot_009_p257_006_snr+10.wav,noisy/gunfire_gunshot_009_p257_006_snr+10.wav
214,test,gunfire,sesa,SESA/test/gunshot_009.wav,0b5573a97e701679a539d5976fd883e2f8725337a1e9a2baf685444b91951e2a,p257_006.wav,336051b3e1eb146169c48d23e56ef4abae990c22f223fe11a43cec896419024e,15,14.999999938101364,1.0,16000,64000,clean/gunfire_gunshot_009_p257_006_snr+15.wav,noisy/gunfire_gunshot_009_p257_006_snr+15.wav
215,test,gunfire,sesa,SESA/test/gunshot_009.wav,0b5573a97e701679a539d5976fd883e2f8725337a1e9a2baf685444b91951e2a,p257_008.wav,e4d93c15e49a577b7db5c58cec7e02a18d18bdf6c4896fc250c3588849d64c20,-5,-4.999999987922715,0.12646038221161857,16000,64000,clean/gunfire_gunshot_009_p257_008_snr-05.wav,noisy/gunfire_gunshot_009_p257_008_snr-05.wav
216,test,gunfire,sesa,SESA/test/gunshot_009.wav,0b5573a97e701679a539d5976fd883e2f8725337a1e9a2baf685444b91951e2a,p257_008.wav,e4d93c15e49a577b7db5c58cec7e02a18d18bdf6c4896fc250c3588849d64c20,0,1.1605881632328101e-08,0.2248256655342399,16000,64000,clean/gunfire_gunshot_009_p257_008_snr+00.wav,noisy/gunfire_gunshot_009_p257_008_snr+00.wav
217,test,gunfire,sesa,SESA/test/gunshot_009.wav,0b5573a97e701679a539d5976fd883e2f8725337a1e9a2baf685444b91951e2a,p257_008.wav,e4d93c15e49a577b7db5c58cec7e02a18d18bdf6c4896fc250c3588849d64c20,5,5.00000001011518,0.39962516571323636,16000,64000,clean/gunfire_gunshot_009_p257_008_snr+05.wav,noisy/gunfire_gunshot_009_p257_008_snr+05.wav
218,test,gunfire,sesa,SESA/test/gunshot_009.wav,0b5573a97e701679a539d5976fd883e2f8725337a1e9a2baf685444b91951e2a,p257_008.wav,e4d93c15e49a577b7db5c58cec7e02a18d18bdf6c4896fc250c3588849d64c20,10,10.000000005401159,0.7100840042207833,16000,64000,clean/gunfire_gunshot_009_p257_008_snr+10.wav,noisy/gunfire_gunshot_009_p257_008_snr+10.wav
219,test,gunfire,sesa,SESA/test/gunshot_009.wav,0b5573a97e701679a539d5976fd883e2f8725337a1e9a2baf685444b91951e2a,p257_008.wav,e4d93c15e49a577b7db5c58cec7e02a18d18bdf6c4896fc250c3588849d64c20,15,14.99999999049412,1.0,16000,64000,clean/gunfire_gunshot_009_p257_008_snr+15.wav,noisy/gunfire_gunshot_009_p257_008_snr+15.wav
220,test,gunfire,sesa,SESA/test/gunshot_014.wav,42994ac837d2f64b4bcce126f3efbf9a7b0c47ff1a2cd8ea0f43c922b3c59ce9,p232_005.wav,89b1ebdeabff150a3cc12629178e5b98a2366e052f3e8028ea853c2059f69494,-5,-4.999999988462813,0.11455209843176867,16000,64000,clean/gunfire_gunshot_014_p232_005_snr-05.wav,noisy/gunfire_gunshot_014_p232_005_snr-05.wav
221,test,gunfire,sesa,SESA/test/gunshot_014.wav,42994ac837d2f64b4bcce126f3efbf9a7b0c47ff1a2cd8ea0f43c922b3c59ce9,p232_005.wav,89b1ebdeabff150a3cc12629178e5b98a2366e052f3e8028ea853c2059f69494,0,1.116712613620606e-08,0.20206340457472402,16000,64000,clean/gunfire_gunshot_014_p232_005_snr+00.wav,noisy/gunfire_gunshot_014_p232_005_snr+00.wav
222,test,gunfire,sesa,SESA/test/gunshot_014.wav,42994ac837d2f64b4bcce126f3efbf9a7b0c47ff1a2cd8ea0f43c922b3c59ce9,p232_005.wav,89b1ebdeabff150a3cc12629178e5b98a2366e052f3e8028ea853c2059f69494,5,5.0000000099968975,0.35424666663821086,16000,64000,clean/gunfire_gunshot_014_p232_005_snr+05.wav,noisy/gunfire_gunshot_014_p232_005_snr+05.wav
223,test,gunfire,sesa,SESA/test/gunshot_014.wav,42994ac837d2f64b4bcce126f3efbf9a7b0c47ff1a2cd8ea0f43c922b3c59ce9,p232_005.wav,89b1ebdeabff150a3cc12629178e5b98a2366e052f3e8028ea853c2059f69494,10,10.000000006296311,0.6145049994272267,16000,64000,clean/gunfire_gunshot_014_p232_005_snr+10.wav,noisy/gunfire_gunshot_014_p232_005_snr+10.wav
224,test,gunfire,sesa,SESA/test/gunshot_014.wav,42994ac837d2f64b4bcce126f3efbf9a7b0c47ff1a2cd8ea0f43c922b3c59ce9,p232_005.wav,89b1ebdeabff150a3cc12629178e5b98a2366e052f3e8028ea853c2059f69494,15,14.99999999459402,1.0,16000,64000,clean/gunfire_gunshot_014_p232_005_snr+15.wav,noisy/gunfire_gunshot_014_p232_005_snr+15.wav
225,test,gunfire,sesa,SESA/test/gunshot_014.wav,42994ac837d2f64b4bcce126f3efbf9a7b0c47ff1a2cd8ea0f43c922b3c59ce9,p232_006.wav,337d07d33650b223ec973413db1e455aa907dc21a94e49f0544f561e2bce600c,-5,-4.99999998856202,0.14506952302539722,16000,64000,clean/gunfire_gunshot_014_p232_006_snr-05.wav,noisy/gunfire_gunshot_014_p232_006_snr-05.wav
226,test,gunfire,sesa,SESA/test/gunshot_014.wav,42994ac837d2f64b4bcce126f3efbf9a7b0c47ff1a2cd8ea0f43c922b3c59ce9,p232_006.wav,337d07d33650b223ec973413db1e455aa907dc21a94e49f0544f561e2bce600c,0,1.085340919652968e-08,0.25738961365573987,16000,64000,clean/gunfire_gunshot_014_p232_006_snr+00.wav,noisy/gunfire_gunshot_014_p232_006_snr+00.wav
227,test,gunfire,sesa,SESA/test/gunshot_014.wav,42994ac837d2f64b4bcce126f3efbf9a7b0c47ff1a2cd8ea0f43c922b3c59ce9,p232_006.wav,337d07d33650b223ec973413db1e455aa907dc21a94e49f0544f561e2bce600c,5,5.0000000090048315,0.4558737869623582,16000,64000,clean/gunfire_gunshot_014_p232_006_snr+05.wav,noisy/gunfire_gunshot_014_p232_006_snr+05.wav
228,test,gunfire,sesa,SESA/test/gunshot_014.wav,42994ac837d2f64b4bcce126f3efbf9a7b0c47ff1a2cd8ea0f43c922b3c59ce9,p232_006.wav,337d07d33650b223ec973413db1e455aa907dc21a94e49f0544f561e2bce600c,10,10.000000003159123,0.8049266027827712,16000,64000,clean/gunfire_gunshot_014_p232_006_snr+10.wav,noisy/gunfire_gunshot_014_p232_006_snr+10.wav
229,test,gunfire,sesa,SESA/test/gunshot_014.wav,42994ac837d2f64b4bcce126f3efbf9a7b0c47ff1a2cd8ea0f43c922b3c59ce9,p232_006.wav,337d07d33650b223ec973413db1e455aa907dc21a94e49f0544f561e2bce600c,15,14.999999984673366,1.0,16000,64000,clean/gunfire_gunshot_014_p232_006_snr+15.wav,noisy/gunfire_gunshot_014_p232_006_snr+15.wav
230,test,gunfire,sesa,SESA/test/gunshot_014.wav,42994ac837d2f64b4bcce126f3efbf9a7b0c47ff1a2cd8ea0f43c922b3c59ce9,p257_006.wav,336051b3e1eb146169c48d23e56ef4abae990c22f223fe11a43cec896419024e,-5,-4.999999989033609,0.24105035051051057,16000,64000,clean/gunfire_gunshot_014_p257_006_snr-05.wav,noisy/gunfire_gunshot_014_p257_006_snr-05.wav
231,test,gunfire,sesa,SESA/test/gunshot_014.wav,42994ac837d2f64b4bcce126f3efbf9a7b0c47ff1a2cd8ea0f43c922b3c59ce9,p257_006.wav,336051b3e1eb146169c48d23e56ef4abae990c22f223fe11a43cec896419024e,0,9.36211148702924e-09,0.42868650947756387,16000,64000,clean/gunfire_gunshot_014_p257_006_snr+00.wav,noisy/gunfire_gunshot_014_p257_006_snr+00.wav
232,test,gunfire,sesa,SESA/test/gunshot_014.wav,42994ac837d2f64b4bcce126f3efbf9a7b0c47ff1a2cd8ea0f43c922b3c59ce9,p257_006.wav,336051b3e1eb146169c48d23e56ef4abae990c22f223fe11a43cec896419024e,5,5.000000004288937,0.7624244503787749,16000,64000,clean/gunfire_gunshot_014_p257_006_snr+05.wav,noisy/gunfire_gunshot_014_p257_006_snr+05.wav
233,test,gunfire,sesa,SESA/test/gunshot_014.wav,42994ac837d2f64b4bcce126f3efbf9a7b0c47ff1a2cd8ea0f43c922b3c59ce9,p257_006.wav,336051b3e1eb146169c48d23e56ef4abae990c22f223fe11a43cec896419024e,10,9.999999988246147,1.0,16000,64000,clean/gunfire_gunshot_014_p257_006_snr+10.wav,noisy/gunfire_gunshot_014_p257_006_snr+10.wav
234,test,gunfire,sesa,SESA/test/gunshot_014.wav,42994ac837d2f64b4bcce126f3efbf9a7b0c47ff1a2cd8ea0f43c922b3c59ce9,p257_006.wav,336051b3e1eb146169c48d23e56ef4abae990c22f223fe11a43cec896419024e,15,14.9999999375144,1.0,16000,64000,clean/gunfire_gunshot_014_p257_006_snr+15.wav,noisy/gunfire_gunshot_014_p257_006_snr+15.wav
235,test,gunfire,sesa,SESA/test/gunshot_014.wav,42994ac837d2f64b4bcce126f3efbf9a7b0c47ff1a2cd8ea0f43c922b3c59ce9,p257_008.wav,e4d93c15e49a577b7db5c58cec7e02a18d18bdf6c4896fc250c3588849d64c20,-5,-4.999999988509681,0.12909424326089244,16000,64000,clean/gunfire_gunshot_014_p257_008_snr-05.wav,noisy/gunfire_gunshot_014_p257_008_snr-05.wav
236,test,gunfire,sesa,SESA/test/gunshot_014.wav,42994ac837d2f64b4bcce126f3efbf9a7b0c47ff1a2cd8ea0f43c922b3c59ce9,p257_008.wav,e4d93c15e49a577b7db5c58cec7e02a18d18bdf6c4896fc250c3588849d64c20,0,1.1018914790750905e-08,0.2274524700602478,16000,64000,clean/gunfire_gunshot_014_p257_008_snr+00.wav,noisy/gunfire_gunshot_014_p257_008_snr+00.wav
237,test,gunfire,sesa,SESA/test/gunshot_014.wav,42994ac837d2f64b4bcce126f3efbf9a7b0c47ff1a2cd8ea0f43c922b3c59ce9,p257_008.wav,e4d93c15e49a577b7db5c58cec7e02a18d18bdf6c4896fc250c3588849d64c20,5,5.000000009528211,0.39795977590885523,16000,64000,clean/gunfire_gunshot_014_p257_008_snr+05.wav,noisy/gunfire_gunshot_014_p257_008_snr+05.wav
238,test,gunfire,sesa,SESA/test/gunshot_014.wav,42994ac837d2f64b4bcce126f3efbf9a7b0c47ff1a2cd8ea0f43c922b3c59ce9,p257_008.wav,e4d93c15e49a577b7db5c58cec7e02a18d18bdf6c4896fc250c3588849d64c20,10,10.000000004814192,0.6879798432226054,16000,64000,clean/gunfire_gunshot_014_p257_008_snr+10.wav,noisy/gunfire_gunshot_014_p257_008_snr+10.wav
239,test,gunfire,sesa,SESA/test/gunshot_014.wav,42994ac837d2f64b4bcce126f3efbf9a7b0c47ff1a2cd8ea0f43c922b3c59ce9,p257_008.wav,e4d93c15e49a577b7db5c58cec7e02a18d18bdf6c4896fc250c3588849d64c20,15,14.99999998990715,1.0,16000,64000,clean/gunfire_gunshot_014_p257_008_snr+15.wav,noisy/gunfire_gunshot_014_p257_008_snr+15.wav
240,test,explosion,sesa,SESA/test/explosion_000.wav,cb8702dcf54cc61482af5cbb7a70050205565a75680d3aac9fc577e5efa802d8,p232_005.wav,89b1ebdeabff150a3cc12629178e5b98a2366e052f3e8028ea853c2059f69494,-5,-4.999999999938106,0.9451307170093189,16000,64000,clean/explosion_explosion_000_p232_005_snr-05.wav,noisy/explosion_explosion_000_p232_005_snr-05.wav
241,test,explosion,sesa,SESA/test/explosion_000.wav,cb8702dcf54cc61482af5cbb7a70050205565a75680d3aac9fc577e5efa802d8,p232_005.wav,89b1ebdeabff150a3cc12629178e5b98a2366e052f3e8028ea853c2059f69494,0,-3.081643425271013e-10,1.0,16000,64000,clean/explosion_explosion_000_p232_005_snr+00.wav,noisy/explosion_explosion_000_p232_005_snr+00.wav
242,test,explosion,sesa,SESA/test/explosion_000.wav,cb8702dcf54cc61482af5cbb7a70050205565a75680d3aac9fc577e5efa802d8,p232_005.wav,89b1ebdeabff150a3cc12629178e5b98a2366e052f3e8028ea853c2059f69494,5,4.9999999985216075,1.0,16000,64000,clean/explosion_explosion_000_p232_005_snr+05.wav,noisy/explosion_explosion_000_p232_005_snr+05.wav
243,test,explosion,sesa,SESA/test/explosion_000.wav,cb8702dcf54cc61482af5cbb7a70050205565a75680d3aac9fc577e5efa802d8,p232_005.wav,89b1ebdeabff150a3cc12629178e5b98a2366e052f3e8028ea853c2059f69494,10,9.99999999482102,1.0,16000,64000,clean/explosion_explosion_000_p232_005_snr+10.wav,noisy/explosion_explosion_000_p232_005_snr+10.wav
244,test,explosion,sesa,SESA/test/explosion_000.wav,cb8702dcf54cc61482af5cbb7a70050205565a75680d3aac9fc577e5efa802d8,p232_005.wav,89b1ebdeabff150a3cc12629178e5b98a2366e052f3e8028ea853c2059f69494,15,14.999999983118727,1.0,16000,64000,clean/explosion_explosion_000_p232_005_snr+15.wav,noisy/explosion_explosion_000_p232_005_snr+15.wav
245,test,explosion,sesa,SESA/test/explosion_000.wav,cb8702dcf54cc61482af5cbb7a70050205565a75680d3aac9fc577e5efa802d8,p232_006.wav,337d07d33650b223ec973413db1e455aa907dc21a94e49f0544f561e2bce600c,-5,-5.000000000037313,1.0,16000,64000,clean/explosion_explosion_000_p232_006_snr-05.wav,noisy/explosion_explosion_000_p232_006_snr-05.wav
246,test,explosion,sesa,SESA/test/explosion_000.wav,cb8702dcf54cc61482af5cbb7a70050205565a75680d3aac9fc577e5efa802d8,p232_006.wav,337d07d33650b223ec973413db1e455aa907dc21a94e49f0544f561e2bce600c,0,-6.218822469454121e-10,1.0,16000,64000,clean/explosion_explosion_000_p232_006_snr+00.wav,noisy/explosion_explosion_000_p232_006_snr+00.wav
247,test,explosion,sesa,SESA/test/explosion_000.wav,cb8702dcf54cc61482af5cbb7a70050205565a75680d3aac9fc577e5efa802d8,p232_006.wav,337d07d33650b223ec973413db1e455aa907dc21a94e49f0544f561e2bce600c,5,4.9999999975295415,1.0,16000,64000,clean/explosion_explosion_000_p232_006_snr+05.wav,noisy/explosion_explosion_000_p232_006_snr+05.wav
248,test,explosion,sesa,SESA/test/explosion_000.wav,cb8702dcf54cc61482af5cbb7a70050205565a75680d3aac9fc577e5efa802d8,p232_006.wav,337d07d33650b223ec973413db1e455aa907dc21a94e49f0544f561e2bce600c,10,9.999999991683831,1.0,16000,64000,clean/explosion_explosion_000_p232_006_snr+10.wav,noisy/explosion_explosion_000_p232_006_snr+10.wav
249,test,explosion,sesa,SESA/test/explosion_000.wav,cb8702dcf54cc61482af5cbb7a70050205565a75680d3aac9fc577e5efa802d8,p232_006.wav,337d07d33650b223ec973413db1e455aa907dc21a94e49f0544f561e2bce600c,15,14.999999973198076,1.0,16000,64000,clean/explosion_explosion_000_p232_006_snr+15.wav,noisy/explosion_explosion_000_p232_006_snr+15.wav
250,test,explosion,sesa,SESA/test/explosion_000.wav,cb8702dcf54cc61482af5cbb7a70050205565a75680d3aac9fc577e5efa802d8,p257_006.wav,336051b3e1eb146169c48d23e56ef4abae990c22f223fe11a43cec896419024e,-5,-5.000000000508901,1.0,16000,64000,clean/explosion_explosion_000_p257_006_snr-05.wav,noisy/explosion_explosion_000_p257_006_snr-05.wav
251,test,explosion,sesa,SESA/test/explosion_000.wav,cb8702dcf54cc61482af5cbb7a70050205565a75680d3aac9fc577e5efa802d8,p257_006.wav,336051b3e1eb146169c48d23e56ef4abae990c22f223fe11a43cec896419024e,0,-2.1131809227435355e-09,1.0,16000,64000,clean/explosion_explosion_000_p257_006_snr+00.wav,noisy/explosion_explosion_000_p257_006_snr+00.wav
252,test,explosion,sesa,SESA/test/explosion_000.wav,cb8702dcf54cc61482af5cbb7a70050205565a75680d3aac9fc577e5efa802d8,p257_006.wav,336051b3e1eb146169c48d23e56ef4abae990c22f223fe11a43cec896419024e,5,4.999999992813645,1.0,16000,64000,clean/explosion_explosion_000_p257_006_snr+05.wav,noisy/explosion_explosion_000_p257_006_snr+05.wav
253,test,explosion,sesa,SESA/test/explosion_000.wav,cb8702dcf54cc61482af5cbb7a70050205565a75680d3aac9fc577e5efa802d8,p257_006.wav,336051b3e1eb146169c48d23e56ef4abae990c22f223fe11a43cec896419024e,10,9.999999976770855,1.0,16000,64000,clean/explosion_explosion_000_p257_006_snr+10.wav,noisy/explosion_explosion_000_p257_006_snr+10.wav
254,test,explosion,sesa,SESA/test/explosion_000.wav,cb8702dcf54cc61482af5cbb7a70050205565a75680d3aac9fc577e5efa802d8,p257_006.wav,336051b3e1eb146169c48d23e56ef4abae990c22f223fe11a43cec896419024e,15,14.999999926039107,1.0,16000,64000,clean/explosion_explosion_000_p257_006_snr+15.wav,noisy/explosion_explosion_000_p257_006_snr+15.wav
255,test,explosion,sesa,SESA/test/explosion_000.wav,cb8702dcf54cc61482af5cbb7a70050205565a75680d3aac9fc577e5efa802d8,p257_008.wav,e4d93c15e49a577b7db5c58cec7e02a18d18bdf6c4896fc250c3588849d64c20,-5,-4.999999999984973,0.8954027911035217,16000,64000,clean/explosion_explosion_000_p257_008_snr-05.wav,noisy/explosion_explosion_000_p257_008_snr-05.wav
256,test,explosion,sesa,SESA/test/explosion_000.wav,cb8702dcf54cc61482af5cbb7a70050205565a75680d3aac9fc577e5efa802d8,p257_008.wav,e4d93c15e49a577b7db5c58cec7e02a18d18bdf6c4896fc250c3588849d64c20,0,-4.563776168329983e-10,1.0,16000,64000,clean/explosion_explosion_000_p257_008_snr+00.wav,noisy/explosion_explosion_000_p257_008_snr+00.wav
257,test,explosion,sesa,SESA/test/explosion_000.wav,cb8702dcf54cc61482af5cbb7a70050205565a75680d3aac9fc577e5efa802d8,p257_008.wav,e4d93c15e49a577b7db5c58cec7e02a18d18bdf6c4896fc250c3588849d64c20,5,4.999999998052918,1.0,16000,64000,clean/explosion_explosion_000_p257_008_snr+05.wav,noisy/explosion_explosion_000_p257_008_snr+05.wav
258,test,explosion,sesa,SESA/test/explosion_000.wav,cb8702dcf54cc61482af5cbb7a70050205565a75680d3aac9fc577e5efa802d8,p257_008.wav,e4d93c15e49a577b7db5c58cec7e02a18d18bdf6c4896fc250c3588849d64c20,10,9.9999999933389,1.0,16000,64000,clean/explosion_explosion_000_p257_008_snr+10.wav,noisy/explosion_explosion_000_p257_008_snr+10.wav
259,test,explosion,sesa,SESA/test/explosion_000.wav,cb8702dcf54cc61482af5cbb7a70050205565a75680d3aac9fc577e5efa802d8,p257_008.wav,e4d93c15e49a577b7db5c58cec7e02a18d18bdf6c4896fc250c3588849d64c20,15,14.999999978431859,1.0,16000,64000,clean/explosion_explosion_000_p257_008_snr+15.wav,noisy/explosion_explosion_000_p257_008_snr+15.wav
260,test,explosion,sesa,SESA/test/explosion_007.wav,2c058c70a90c9ac910ecc364fc2103fd05a3dd9075dfb190ff9983f1e98603c1,p232_005.wav,89b1ebdeabff150a3cc12629178e5b98a2366e052f3e8028ea853c2059f69494,-5,-4.9999999999457305,0.8733728815027068,16000,64000,clean/explosion_explosion_007_p232_005_snr-05.wav,noisy/explosion_explosion_007_p232_005_snr-05.wav
261,test,explosion,sesa,SESA/test/explosion_007.wav,2c058c70a90c9ac910ecc364fc2103fd05a3dd9075dfb190ff9983f1e98603c1,p232_005.wav,89b1ebdeabff150a3cc12629178e5b98a2366e052f3e8028ea853c2059f69494,0,-3.1578831547794536e-10,1.0,16000,64000,clean/explosion_explosion_007_p232_005_snr+00.wav,noisy/explosion_explosion_007_p232_005_snr+00.wav
262,test,explosion,sesa,SESA/test/explosion_007.wav,2c058c70a90c9ac910ecc364fc2103fd05a3dd9075dfb190ff9983f1e98603c1,p232_005.wav,89b1ebdeabff150a3cc12629178e5b98a2366e052f3e8028ea853c2059f69494,5,4.999999998513982,1.0,16000,64000,clean/explosion_explosion_007_p232_005_snr+05.wav,noisy/explosion_explosion_007_p232_005_snr+05.wav
263,test,explosion,sesa,SESA/test/explosion_007.wav,2c058c70a90c9ac910ecc364fc2103fd05a3dd9075dfb190ff9983f1e98603c1,p232_005.wav,89b1ebdeabff150a3cc12629178e5b98a2366e052f3e8028ea853c2059f69494,10,9.999999994813393,1.0,16000,64000,clean/explosion_explosion_007_p232_005_snr+10.wav,noisy/explosion_explosion_007_p232_005_snr+10.wav
264,test,explosion,sesa,SESA/test/explosion_007.wav,2c058c70a90c9ac910ecc364fc2103fd05a3dd9075dfb190ff9983f1e98603c1,p232_005.wav,89b1ebdeabff150a3cc12629178e5b98a2366e052f3e8028ea853c2059f69494,15,14.999999983111103,1.0,16000,64000,clean/explosion_explosion_007_p232_005_snr+15.wav,noisy/explosion_explosion_007_p232_005_snr+15.wav
265,test,explosion,sesa,SESA/test/explosion_007.wav,2c058c70a90c9ac910ecc364fc2103fd05a3dd9075dfb190ff9983f1e98603c1,p232_006.wav,337d07d33650b223ec973413db1e455aa907dc21a94e49f0544f561e2bce600c,-5,-5.0000000000449365,1.0,16000,64000,clean/explosion_explosion_007_p232_006_snr-05.wav,noisy/explosion_explosion_007_p232_006_snr-05.wav
266,test,explosion,sesa,SESA/test/explosion_007.wav,2c058c70a90c9ac910ecc364fc2103fd05a3dd9075dfb190ff9983f1e98603c1,p232_006.wav,337d07d33650b223ec973413db1e455aa907dc21a94e49f0544f561e2bce600c,0,-6.295081485514648e-10,1.0,16000,64000,clean/explosion_explosion_007_p232_006_snr+00.wav,noisy/explosion_explosion_007_p232_006_snr+00.wav
267,test,explosion,sesa,SESA/test/explosion_007.wav,2c058c70a90c9ac910ecc364fc2103fd05a3dd9075dfb190ff9983f1e98603c1,p232_006.wav,337d07d33650b223ec973413db1e455aa907dc21a94e49f0544f561e2bce600c,5,4.9999999975219165,1.0,16000,64000,clean/explosion_explosion_007_p232_006_snr+05.wav,noisy/explosion_explosion_007_p232_006_snr+05.wav
268,test,explosion,sesa,SESA/test/explosion_007.wav,2c058c70a90c9ac910ecc364fc2103fd05a3dd9075dfb190ff9983f1e98603c1,p232_006.wav,337d07d33650b223ec973413db1e455aa907dc21a94e49f0544f561e2bce600c,10,9.999999991676207,1.0,16000,64000,clean/explosion_explosion_007_p232_006_snr+10.wav,noisy/explosion_explosion_007_p232_006_snr+10.wav
269,test,explosion,sesa,SESA/test/explosion_007.wav,2c058c70a90c9ac910ecc364fc2103fd05a3dd9075dfb190ff9983f1e98603c1,p232_006.wav,337d07d33650b223ec973413db1e455aa907dc21a94e49f0544f561e2bce600c,15,14.999999973190448,1.0,16000,64000,clean/explosion_explosion_007_p232_006_snr+15.wav,noisy/explosion_explosion_007_p232_006_snr+15.wav
270,test,explosion,sesa,SESA/test/explosion_007.wav,2c058c70a90c9ac910ecc364fc2103fd05a3dd9075dfb190ff9983f1e98603c1,p257_006.wav,336051b3e1eb146169c48d23e56ef4abae990c22f223fe11a43cec896419024e,-5,-5.000000000516528,1.0,16000,64000,clean/explosion_explosion_007_p257_006_snr-05.wav,noisy/explosion_explosion_007_p257_006_snr-05.wav
271,test,explosion,sesa,SESA/test/explosion_007.wav,2c058c70a90c9ac910ecc364fc2103fd05a3dd9075dfb190ff9983f1e98603c1,p257_006.wav,336051b3e1eb146169c48d23e56ef4abae990c22f223fe11a43cec896419024e,0,-2.1208058600234307e-09,1.0,16000,64000,clean/explosion_explosion_007_p257_006_snr+00.wav,noisy/explosion_explosion_007_p257_006_snr+00.wav
272,test,explosion,sesa,SESA/test/explosion_007.wav,2c058c70a90c9ac910ecc364fc2103fd05a3dd9075dfb190ff9983f1e98603c1,p257_006.wav,336051b3e1eb146169c48d23e56ef4abae990c22f223fe11a43cec896419024e,5,4.9999999928060195,1.0,16000,64000,clean/explosion_explosion_007_p257_006_snr+05.wav,noisy/explosion_explosion_007_p257_006_snr+05.wav
273,test,explosion,sesa,SESA/test/explosion_007.wav,2c058c70a90c9ac910ecc364fc2103fd05a3dd9075dfb190ff9983f1e98603c1,p257_006.wav,336051b3e1eb146169c48d23e56ef4abae990c22f223fe11a43cec896419024e,10,9.999999976763231,1.0,16000,64000,clean/explosion_explosion_007_p257_006_snr+10.wav,noisy/explosion_explosion_007_p257_006_snr+10.wav
274,test,explosion,sesa,SESA/test/explosion_007.wav,2c058c70a90c9ac910ecc364fc2103fd05a3dd9075dfb190ff9983f1e98603c1,p257_006.wav,336051b3e1eb146169c48d23e56ef4abae990c22f223fe11a43cec896419024e,15,14.999999926031482,1.0,16000,64000,clean/explosion_explosion_007_p257_006_snr+15.wav,noisy/explosion_explosion_007_p257_006_snr+15.wav
275,test,explosion,sesa,SESA/test/explosion_007.wav,2c058c70a90c9ac910ecc364fc2103fd05a3dd9075dfb190ff9983f1e98603c1,p257_008.wav,e4d93c15e49a577b7db5c58cec7e02a18d18bdf6c4896fc250c3588849d64c20,-5,-4.999999999992599,0.9064698064823534,16000,64000,clean/explosion_explosion_007_p257_008_snr-05.wav,noisy/explosion_explosion_007_p257_008_snr-05.wav
276,test,explosion,sesa,SESA/test/explosion_007.wav,2c058c70a90c9ac910ecc364fc2103fd05a3dd9075dfb190ff9983f1e98603c1,p257_008.wav,e4d93c15e49a577b7db5c58cec7e02a18d18bdf6c4896fc250c3588849d64c20,0,-4.640015897839725e-10,1.0,16000,64000,clean/explosion_explosion_007_p257_008_snr+00.wav,noisy/explosion_explosion_007_p257_008_snr+00.wav
277,test,explosion,sesa,SESA/test/explosion_007.wav,2c058c70a90c9ac910ecc364fc2103fd05a3dd9075dfb190ff9983f1e98603c1,p257_008.wav,e4d93c15e49a577b7db5c58cec7e02a18d18bdf6c4896fc250c3588849d64c20,5,4.999999998045293,1.0,16000,64000,clean/explosion_explosion_007_p257_008_snr+05.wav,noisy/explosion_explosion_007_p257_008_snr+05.wav
278,test,explosion,sesa,SESA/test/explosion_007.wav,2c058c70a90c9ac910ecc364fc2103fd05a3dd9075dfb190ff9983f1e98603c1,p257_008.wav,e4d93c15e49a577b7db5c58cec7e02a18d18bdf6c4896fc250c3588849d64c20,10,9.999999993331276,1.0,16000,64000,clean/explosion_explosion_007_p257_008_snr+10.wav,noisy/explosion_explosion_007_p257_008_snr+10.wav
279,test,explosion,sesa,SESA/test/explosion_007.wav,2c058c70a90c9ac910ecc364fc2103fd05a3dd9075dfb190ff9983f1e98603c1,p257_008.wav,e4d93c15e49a577b7db5c58cec7e02a18d18bdf6c4896fc250c3588849d64c20,15,14.999999978424235,1.0,16000,64000,clean/explosion_explosion_007_p257_008_snr+15.wav,noisy/explosion_explosion_007_p257_008_snr+15.wav
